Date,Time,Round,Day,Venue,Result,GF,GA,Opponent,xG,xGA,Poss,Attendance,Captain,Formation,Referee,Match Report,Notes
2023-08-11,20:00,Matchweek 1,Fri,Away,W,3,0,Burnley,1.9,0.3,65,"21,572",Kevin De Bruyne,4-2-3-1,Craig Pawson,Match Report,
2023-08-19,20:00,Matchweek 2,Sat,Home,W,1,0,Newcastle Utd,1.0,0.3,59,"53,419",Kyle Walker,4-2-3-1,Robert Jones,Match Report,
2023-08-27,14:00,Matchweek 3,Sun,Away,W,2,1,Sheffield Utd,3.5,0.7,79,"31,336",Kyle Walker,4-2-3-1,Jarred Gillett,Match Report,
2023-09-02,15:00,Matchweek 4,Sat,Home,W,5,1,Fulham,2.2,1.4,68,"52,899",Kyle Walker,4-2-3-1,Michael Oliver,Match Report,
2023-09-16,15:00,Matchweek 5,Sat,Away,W,3,1,West Ham,3.6,0.9,68,"62,475",Kyle Walker,4-2-3-1,Andy Madley,Match Report,
2023-09-23,15:00,Matchweek 6,Sat,Home,W,2,0,Nott'ham Forest,1.3,1.0,57,"53,413",Kyle Walker,4-2-3-1,Anthony Taylor,Match Report,
2023-09-30,15:00,Matchweek 7,Sat,Away,L,1,2,Wolves,0.9,0.4,68,"31,415",Kyle Walker,4-2-3-1,Craig Pawson,Match Report,
2023-10-08,16:30,Matchweek 8,Sun,Away,L,0,1,Arsenal,0.5,0.4,51,"60,233",Kyle Walker,4-3-3,Michael Oliver,Match Report,
2023-10-21,15:00,Matchweek 9,Sat,Home,W,2,1,Brighton,0.8,0.8,55,"53,466",Kyle Walker,3-2-4-1,Robert Jones,Match Report,
2023-10-29,15:30,Matchweek 10,Sun,Away,W,3,0,Manchester Utd,4.0,0.9,60,"73,502",Kyle Walker,4-2-3-1,Paul Tierney,Match Report,
2023-11-04,15:00,Matchweek 11,Sat,Home,W,6,1,Bournemouth,1.9,0.9,65,"53,358",Kyle Walker,3-4-3,Craig Pawson,Match Report,
2023-11-12,16:30,Matchweek 12,Sun,Away,D,4,4,Chelsea,2.9,2.9,55,"39,532",Kyle Walker,3-2-4-1,Anthony Taylor,Match Report,
2023-11-25,12:30,Matchweek 13,Sat,Home,D,1,1,Liverpool,1.3,0.6,59,"53,289",Kyle Walker,3-2-4-1,Chris Kavanagh,Match Report,
2023-12-03,16:30,Matchweek 14,Sun,Home,D,3,3,Tottenham,2.6,0.5,55,"53,473",Kyle Walker,3-2-4-1,Simon Hooper,Match Report,
2023-12-06,20:15,Matchweek 15,Wed,Away,L,0,1,Aston Villa,0.6,2.3,54,"41,421",Kyle Walker,3-2-4-1,John Brooks,Match Report,
2023-12-10,14:00,Matchweek 16,Sun,Away,W,2,1,Luton Town,1.6,0.3,65,"11,047",Kyle Walker,4-2-3-1,Tim Robinson,Match Report,
2023-12-16,15:00,Matchweek 17,Sat,Home,D,2,2,Crystal Palace,1.6,1.8,74,"53,248",Kyle Walker,4-2-3-1,Paul Tierney,Match Report,
2023-12-27,20:15,Matchweek 19,Wed,Away,W,3,1,Everton,2.4,1.0,72,"39,327",Kyle Walker,4-2-3-1,John Brooks,Match Report,
2023-12-30,15:00,Matchweek 20,Sat,Home,W,2,0,Sheffield Utd,2.2,0.3,80,"53,108",Kyle Walker,4-2-3-1,David Coote,Match Report,
2024-01-13,17:30,Matchweek 21,Sat,Away,W,3,2,Newcastle Utd,3.0,1.3,72,"52,190",Kyle Walker,4-2-3-1,Chris Kavanagh,Match Report,
2024-01-31,19:30,Matchweek 22,Wed,Home,W,3,1,Burnley,1.7,1.4,74,"52,143",Kevin De Bruyne,4-2-3-1,Samuel Barrott,Match Report,
2024-02-05,20:00,Matchweek 23,Mon,Away,W,3,1,Brentford,2.1,1.0,72,"17,096",Kyle Walker,4-1-4-1,Jarred Gillett,Match Report,
2024-02-10,12:30,Matchweek 24,Sat,Home,W,2,0,Everton,1.6,0.3,72,"52,187",Rúben Dias,4-1-4-1,John Brooks,Match Report,
2024-02-17,17:30,Matchweek 25,Sat,Home,D,1,1,Chelsea,2.6,1.4,70,"52,178",Kyle Walker,4-1-4-1,Andy Madley,Match Report,
2024-02-20,19:30,Matchweek 18,Tue,Home,W,1,0,Brentford,2.3,0.4,70,"52,247",Kyle Walker,4-2-3-1,Darren England,Match Report,
2024-02-24,17:30,Matchweek 26,Sat,Away,W,1,0,Bournemouth,1.6,0.9,62,"11,184",Rúben Dias,3-2-4-1,Jarred Gillett,Match Report,
2024-03-03,15:30,Matchweek 27,Sun,Home,W,3,1,Manchester Utd,3.3,0.2,73,"53,514",Kyle Walker,3-2-4-1,Andy Madley,Match Report,
2024-03-10,15:45,Matchweek 28,Sun,Away,D,1,1,Liverpool,1.6,2.7,47,"59,947",Kyle Walker,3-2-4-1,Michael Oliver,Match Report,
2024-03-31,16:30,Matchweek 30,Sun,Home,D,0,0,Arsenal,1.0,0.7,72,"52,178",Kevin De Bruyne,4-1-4-1,Anthony Taylor,Match Report,
2024-04-03,20:15,Matchweek 31,Wed,Home,W,4,1,Aston Villa,3.4,0.8,67,"53,422",Rúben Dias,4-2-3-1,Darren England,Match Report,
2024-04-06,12:30,Matchweek 32,Sat,Away,W,4,2,Crystal Palace,1.9,1.1,75,"25,132",Kevin De Bruyne,3-2-4-1,Paul Tierney,Match Report,
2024-04-13,15:00,Matchweek 33,Sat,Home,W,5,1,Luton Town,4.2,0.5,73,"52,149",Kevin De Bruyne,4-2-3-1,John Brooks,Match Report,
2024-04-25,20:00,Matchweek 29,Thu,Away,W,4,0,Brighton,1.4,0.6,64,"31,596",Kyle Walker,4-1-4-1,Jarred Gillett,Match Report,
2024-04-28,16:30,Matchweek 35,Sun,Away,W,2,0,Nott'ham Forest,0.9,1.9,66,"29,677",Kyle Walker,4-1-4-1,Simon Hooper,Match Report,
2024-05-04,17:30,Matchweek 36,Sat,Home,W,5,1,Wolves,3.7,0.3,58,"52,439",Kyle Walker,4-2-3-1,Craig Pawson,Match Report,
2024-05-11,12:30,Matchweek 37,Sat,Away,W,4,0,Fulham,3.2,0.1,64,"24,418",Kevin De Bruyne,4-2-3-1,Anthony Taylor,Match Report,
2024-05-14,20:00,Matchweek 34,Tue,Away,W,2,0,Tottenham,2.4,1.7,47,"61,065",Kyle Walker,4-2-3-1,Chris Kavanagh,Match Report,
2024-05-19,16:00,Matchweek 38,Sun,Home,W,3,1,West Ham,1.9,0.4,71,"55,097",Kyle Walker,4-1-4-1,John Brooks,Match Report,
2023-08-12,12:30,Matchweek 1,Sat,Home,W,2,1,Nott'ham Forest,0.8,1.2,78,"59,984",Martin Ødegaard,4-3-3,Michael Oliver,Match Report,
2023-08-21,20:00,Matchweek 2,Mon,Away,W,1,0,Crystal Palace,2.0,1.0,53,"24,189",Martin Ødegaard,4-3-3,David Coote,Match Report,
2023-08-26,15:00,Matchweek 3,Sat,Home,D,2,2,Fulham,3.2,0.6,71,"59,961",Martin Ødegaard,4-3-3,Paul Tierney,Match Report,
2023-09-03,16:30,Matchweek 4,Sun,Home,W,3,1,Manchester Utd,2.3,0.9,55,"60,192",Martin Ødegaard,4-3-3,Anthony Taylor,Match Report,
2023-09-17,16:30,Matchweek 5,Sun,Away,W,1,0,Everton,1.0,0.3,74,"39,217",Martin Ødegaard,4-3-3,Simon Hooper,Match Report,
2023-09-24,14:00,Matchweek 6,Sun,Home,D,2,2,Tottenham,1.8,1.4,47,"60,156",Martin Ødegaard,4-3-3,Robert Jones,Match Report,
2023-09-30,15:00,Matchweek 7,Sat,Away,W,4,0,Bournemouth,3.4,0.6,57,"11,193",Martin Ødegaard,4-3-3,Michael Salisbury,Match Report,
2023-10-08,16:30,Matchweek 8,Sun,Home,W,1,0,Manchester City,0.4,0.5,49,"60,233",Martin Ødegaard,4-3-3,Michael Oliver,Match Report,
2023-10-21,17:30,Matchweek 9,Sat,Away,D,2,2,Chelsea,1.0,1.3,56,"39,723",Martin Ødegaard,4-3-3,Chris Kavanagh,Match Report,
2023-10-28,15:00,Matchweek 10,Sat,Home,W,5,0,Sheffield Utd,2.8,0.0,67,"60,153",Bukayo Saka,4-3-3,Tim Robinson,Match Report,
2023-11-04,17:30,Matchweek 11,Sat,Away,L,0,1,Newcastle Utd,0.6,1.0,58,"52,194",Jorginho,4-3-3,Stuart Attwell,Match Report,
2023-11-11,15:00,Matchweek 12,Sat,Home,W,3,1,Burnley,1.8,0.3,63,"60,232",Jorginho,4-3-3,Michael Oliver,Match Report,
2023-11-25,17:30,Matchweek 13,Sat,Away,W,1,0,Brentford,1.6,1.1,63,"17,201",Martin Ødegaard,4-3-3,Tim Robinson,Match Report,
2023-12-02,15:00,Matchweek 14,Sat,Home,W,2,1,Wolves,2.8,0.7,57,"60,262",Martin Ødegaard,4-3-3,Peter Bankes,Match Report,
2023-12-05,20:15,Matchweek 15,Tue,Away,W,4,3,Luton Town,2.2,0.5,66,"11,031",Martin Ødegaard,4-3-3,Samuel Barrott,Match Report,
2023-12-09,17:30,Matchweek 16,Sat,Away,L,0,1,Aston Villa,1.4,0.6,61,"42,000",Martin Ødegaard,4-3-3,Jarred Gillett,Match Report,
2023-12-17,14:00,Matchweek 17,Sun,Home,W,2,0,Brighton,2.3,0.7,49,"60,257",Martin Ødegaard,4-3-3,Tim Robinson,Match Report,
2023-12-23,17:30,Matchweek 18,Sat,Away,D,1,1,Liverpool,0.7,1.0,48,"57,548",Martin Ødegaard,4-3-3,Chris Kavanagh,Match Report,
2023-12-28,20:15,Matchweek 19,Thu,Home,L,0,2,West Ham,2.7,1.4,73,"60,261",Martin Ødegaard,4-3-3,Michael Oliver,Match Report,
2023-12-31,14:00,Matchweek 20,Sun,Away,L,1,2,Fulham,1.6,1.2,60,"24,444",Martin Ødegaard,4-3-3,Joshua Smith,Match Report,
2024-01-20,12:30,Matchweek 21,Sat,Home,W,5,0,Crystal Palace,3.3,0.3,60,"60,284",Martin Ødegaard,4-3-3,Paul Tierney,Match Report,
2024-01-30,19:30,Matchweek 22,Tue,Away,W,2,1,Nott'ham Forest,1.2,0.5,73,"29,387",Martin Ødegaard,4-3-3,Simon Hooper,Match Report,
2024-02-04,16:30,Matchweek 23,Sun,Home,W,3,1,Liverpool,3.5,0.4,43,"60,374",Martin Ødegaard,4-3-3,Anthony Taylor,Match Report,
2024-02-11,14:00,Matchweek 24,Sun,Away,W,6,0,West Ham,3.6,0.2,70,"62,475",Martin Ødegaard,4-3-3,Craig Pawson,Match Report,
2024-02-17,15:00,Matchweek 25,Sat,Away,W,5,0,Burnley,2.3,0.3,64,"21,311",Martin Ødegaard,4-3-3,Jarred Gillett,Match Report,
2024-02-24,20:00,Matchweek 26,Sat,Home,W,4,1,Newcastle Utd,2.8,0.2,55,"60,298",Martin Ødegaard,4-3-3,Paul Tierney,Match Report,
2024-03-04,20:00,Matchweek 27,Mon,Away,W,6,0,Sheffield Utd,2.3,0.2,80,"29,157",Martin Ødegaard,4-3-3,Samuel Barrott,Match Report,
2024-03-09,17:30,Matchweek 28,Sat,Home,W,2,1,Brentford,1.3,1.0,71,"60,331",Martin Ødegaard,4-3-3,Robert Jones,Match Report,
2024-03-31,16:30,Matchweek 30,Sun,Away,D,0,0,Manchester City,0.7,1.0,28,"52,178",Martin Ødegaard,4-3-3,Anthony Taylor,Match Report,
2024-04-03,19:30,Matchweek 31,Wed,Home,W,2,0,Luton Town,0.7,0.3,58,"60,262",Martin Ødegaard,4-3-3,Craig Pawson,Match Report,
2024-04-06,17:30,Matchweek 32,Sat,Away,W,3,0,Brighton,3.4,0.5,46,"31,677",Martin Ødegaard,4-3-3,John Brooks,Match Report,
2024-04-14,16:30,Matchweek 33,Sun,Home,L,0,2,Aston Villa,1.6,0.9,52,"60,350",Martin Ødegaard,4-3-3,David Coote,Match Report,
2024-04-20,19:30,Matchweek 34,Sat,Away,W,2,0,Wolves,1.2,0.2,54,"31,621",Martin Ødegaard,4-3-3,Paul Tierney,Match Report,
2024-04-23,20:00,Matchweek 29,Tue,Home,W,5,0,Chelsea,3.3,1.6,45,"60,238",Martin Ødegaard,4-3-3,Simon Hooper,Match Report,
2024-04-28,14:00,Matchweek 35,Sun,Away,W,3,2,Tottenham,1.0,2.3,38,"61,554",Martin Ødegaard,4-3-3,Michael Oliver,Match Report,
2024-05-04,12:30,Matchweek 36,Sat,Home,W,3,0,Bournemouth,3.3,0.5,55,"60,348",Martin Ødegaard,4-3-3,David Coote,Match Report,
2024-05-12,16:30,Matchweek 37,Sun,Away,W,1,0,Manchester Utd,1.5,0.5,46,"73,600",Martin Ødegaard,4-3-3,Paul Tierney,Match Report,
2024-05-19,16:00,Matchweek 38,Sun,Home,W,2,1,Everton,2.9,0.6,68,"60,312",Martin Ødegaard,4-3-3,Michael Oliver,Match Report,
2023-08-13,16:30,Matchweek 1,Sun,Away,D,1,1,Chelsea,1.3,1.4,35,"40,096",Virgil van Dijk,4-3-3,Anthony Taylor,Match Report,
2023-08-19,15:00,Matchweek 2,Sat,Home,W,3,1,Bournemouth,3.0,1.3,64,"53,145",Virgil van Dijk,4-3-3,Thomas Bramall,Match Report,
2023-08-27,16:30,Matchweek 3,Sun,Away,W,2,1,Newcastle Utd,0.9,2.0,41,"52,214",Virgil van Dijk,4-3-3,John Brooks,Match Report,
2023-09-03,14:00,Matchweek 4,Sun,Home,W,3,0,Aston Villa,2.5,0.7,63,"50,109",Trent Alexander-Arnold,4-3-3,Simon Hooper,Match Report,
2023-09-16,12:30,Matchweek 5,Sat,Away,W,3,1,Wolves,2.5,0.6,65,"31,257",Andrew Robertson,4-3-3,Michael Oliver,Match Report,
2023-09-24,14:00,Matchweek 6,Sun,Home,W,3,1,West Ham,3.0,1.1,63,"50,136",Virgil van Dijk,4-3-3,Chris Kavanagh,Match Report,
2023-09-30,17:30,Matchweek 7,Sat,Away,L,1,2,Tottenham,1.3,2.2,36,"62,001",Virgil van Dijk,4-3-3,Simon Hooper,Match Report,
2023-10-08,14:00,Matchweek 8,Sun,Away,D,2,2,Brighton,2.3,2.3,54,"31,752",Virgil van Dijk,4-3-3,Anthony Taylor,Match Report,
2023-10-21,12:30,Matchweek 9,Sat,Home,W,2,0,Everton,2.2,0.1,77,"50,201",Virgil van Dijk,4-3-3,Craig Pawson,Match Report,
2023-10-29,14:00,Matchweek 10,Sun,Home,W,3,0,Nott'ham Forest,3.2,0.4,72,"50,143",Virgil van Dijk,4-3-3,Chris Kavanagh,Match Report,
2023-11-05,16:30,Matchweek 11,Sun,Away,D,1,1,Luton Town,2.6,0.8,73,"11,049",Virgil van Dijk,4-3-3,Andy Madley,Match Report,
2023-11-12,14:00,Matchweek 12,Sun,Home,W,3,0,Brentford,1.7,1.6,58,"50,151",Virgil van Dijk,4-3-3,Paul Tierney,Match Report,
2023-11-25,12:30,Matchweek 13,Sat,Away,D,1,1,Manchester City,0.6,1.3,41,"53,289",Virgil van Dijk,4-3-3,Chris Kavanagh,Match Report,
2023-12-03,14:00,Matchweek 14,Sun,Home,W,4,3,Fulham,2.1,1.2,61,"50,124",Virgil van Dijk,4-3-3,Stuart Attwell,Match Report,
2023-12-06,19:30,Matchweek 15,Wed,Away,W,2,0,Sheffield Utd,1.7,1.0,75,"31,406",Virgil van Dijk,4-3-3,Simon Hooper,Match Report,
2023-12-09,12:30,Matchweek 16,Sat,Away,W,2,1,Crystal Palace,1.2,1.7,76,"25,103",Virgil van Dijk,4-3-3,Andy Madley,Match Report,
2023-12-17,16:30,Matchweek 17,Sun,Home,D,0,0,Manchester Utd,2.3,0.8,68,"57,158",Virgil van Dijk,4-3-3,Michael Oliver,Match Report,
2023-12-23,17:30,Matchweek 18,Sat,Home,D,1,1,Arsenal,1.0,0.7,52,"57,548",Virgil van Dijk,4-3-3,Chris Kavanagh,Match Report,
2023-12-26,17:30,Matchweek 19,Tue,Away,W,2,0,Burnley,1.8,0.8,68,"21,624",Virgil van Dijk,4-3-3,Paul Tierney,Match Report,
2024-01-01,20:00,Matchweek 20,Mon,Home,W,4,2,Newcastle Utd,7.0,0.6,61,"57,471",Virgil van Dijk,4-3-3,Anthony Taylor,Match Report,
2024-01-21,16:30,Matchweek 21,Sun,Away,W,4,0,Bournemouth,1.5,1.4,60,"11,228",Virgil van Dijk,4-3-3,Andy Madley,Match Report,
2024-01-31,20:15,Matchweek 22,Wed,Home,W,4,1,Chelsea,2.9,0.6,50,"57,524",Virgil van Dijk,4-3-3,Paul Tierney,Match Report,
2024-02-04,16:30,Matchweek 23,Sun,Away,L,1,3,Arsenal,0.4,3.5,57,"60,374",Virgil van Dijk,4-3-3,Anthony Taylor,Match Report,
2024-02-10,15:00,Matchweek 24,Sat,Home,W,3,1,Burnley,2.8,1.3,70,"59,896",Virgil van Dijk,4-3-3,Tim Robinson,Match Report,
2024-02-17,12:30,Matchweek 25,Sat,Away,W,4,1,Brentford,2.8,1.6,62,"17,193",Virgil van Dijk,4-3-3,Michael Oliver,Match Report,
2024-02-21,19:30,Matchweek 26,Wed,Home,W,4,1,Luton Town,3.3,0.9,60,"59,713",Virgil van Dijk,4-3-3,Andy Madley,Match Report,
2024-03-02,15:00,Matchweek 27,Sat,Away,W,1,0,Nott'ham Forest,2.0,1.0,69,"29,603",Virgil van Dijk,4-3-3,Paul Tierney,Match Report,
2024-03-10,15:45,Matchweek 28,Sun,Home,D,1,1,Manchester City,2.7,1.6,53,"59,947",Virgil van Dijk,4-3-3,Michael Oliver,Match Report,
2024-03-31,14:00,Matchweek 30,Sun,Home,W,2,1,Brighton,2.8,0.5,55,"60,061",Virgil van Dijk,4-3-3,David Coote,Match Report,
2024-04-04,19:30,Matchweek 31,Thu,Home,W,3,1,Sheffield Utd,1.8,0.6,82,"60,055",Virgil van Dijk,4-3-3,Stuart Attwell,Match Report,
2024-04-07,15:30,Matchweek 32,Sun,Away,D,2,2,Manchester Utd,3.6,0.7,62,"73,501",Virgil van Dijk,4-3-3,Anthony Taylor,Match Report,
2024-04-14,14:00,Matchweek 33,Sun,Home,L,0,1,Crystal Palace,2.7,2.0,69,"60,090",Virgil van Dijk,4-3-3,Chris Kavanagh,Match Report,
2024-04-21,16:30,Matchweek 34,Sun,Away,W,3,1,Fulham,1.0,0.8,60,"24,414",Virgil van Dijk,4-3-3,Craig Pawson,Match Report,
2024-04-24,20:00,Matchweek 29,Wed,Away,L,0,2,Everton,2.1,1.2,75,"38,222",Virgil van Dijk,4-3-3,Andy Madley,Match Report,
2024-04-27,12:30,Matchweek 35,Sat,Away,D,2,2,West Ham,1.7,0.7,71,"62,474",Virgil van Dijk,4-3-3,Anthony Taylor,Match Report,
2024-05-05,16:30,Matchweek 36,Sun,Home,W,4,2,Tottenham,3.3,1.2,44,"60,075",Virgil van Dijk,4-3-3,Paul Tierney,Match Report,
2024-05-13,20:00,Matchweek 37,Mon,Away,D,3,3,Aston Villa,1.7,3.1,59,"42,241",Virgil van Dijk,4-3-3,Simon Hooper,Match Report,
2024-05-19,16:00,Matchweek 38,Sun,Home,W,2,0,Wolves,4.5,0.5,67,"60,059",Virgil van Dijk,4-3-3,Chris Kavanagh,Match Report,
2023-08-12,17:30,Matchweek 1,Sat,Away,L,1,5,Newcastle Utd,1.8,3.3,48,"52,207",John McGinn,4-2-3-1,Andy Madley,Match Report,
2023-08-20,14:00,Matchweek 2,Sun,Home,W,4,0,Everton,2.9,0.6,60,"41,694",John McGinn,4-2-3-1,Anthony Taylor,Match Report,
2023-08-27,14:00,Matchweek 3,Sun,Away,W,3,1,Burnley,2.5,0.7,43,"21,591",John McGinn,3-4-3,Michael Salisbury,Match Report,
2023-09-03,14:00,Matchweek 4,Sun,Away,L,0,3,Liverpool,0.7,2.5,37,"50,109",John McGinn,4-4-2,Simon Hooper,Match Report,
2023-09-16,15:00,Matchweek 5,Sat,Home,W,3,1,Crystal Palace,3.0,1.2,66,"40,809",John McGinn,4-2-3-1,Darren England,Match Report,
2023-09-24,14:00,Matchweek 6,Sun,Away,W,1,0,Chelsea,1.0,1.3,47,"39,700",John McGinn,4-2-3-1,Jarred Gillett,Match Report,
2023-09-30,12:30,Matchweek 7,Sat,Home,W,6,1,Brighton,1.6,1.7,39,"40,636",John McGinn,4-2-3-1,Andy Madley,Match Report,
2023-10-08,14:00,Matchweek 8,Sun,Away,D,1,1,Wolves,1.6,1.7,53,"31,425",John McGinn,4-4-2,Robert Jones,Match Report,
2023-10-22,16:30,Matchweek 9,Sun,Home,W,4,1,West Ham,1.9,1.1,58,"41,734",John McGinn,4-4-2,David Coote,Match Report,
2023-10-29,14:00,Matchweek 10,Sun,Home,W,3,1,Luton Town,2.3,0.5,70,"41,785",John McGinn,4-4-2,John Brooks,Match Report,
2023-11-05,14:00,Matchweek 11,Sun,Away,L,0,2,Nott'ham Forest,1.2,0.4,73,"29,313",John McGinn,4-4-2,Jarred Gillett,Match Report,
2023-11-12,14:00,Matchweek 12,Sun,Home,W,3,1,Fulham,3.0,0.9,51,"41,608",John McGinn,4-2-2-2,Simon Hooper,Match Report,
2023-11-26,14:00,Matchweek 13,Sun,Away,W,2,1,Tottenham,1.7,2.3,38,"61,679",John McGinn,4-4-2,Robert Jones,Match Report,
2023-12-03,14:00,Matchweek 14,Sun,Away,D,2,2,Bournemouth,0.7,2.0,62,"11,191",John McGinn,4-4-2,Thomas Bramall,Match Report,
2023-12-06,20:15,Matchweek 15,Wed,Home,W,1,0,Manchester City,2.3,0.6,46,"41,421",John McGinn,4-4-1-1,John Brooks,Match Report,
2023-12-09,17:30,Matchweek 16,Sat,Home,W,1,0,Arsenal,0.6,1.4,39,"42,000",John McGinn,4-4-1-1,Jarred Gillett,Match Report,
2023-12-17,14:00,Matchweek 17,Sun,Away,W,2,1,Brentford,1.4,0.5,66,"17,034",John McGinn,3-5-2,David Coote,Match Report,
2023-12-22,20:00,Matchweek 18,Fri,Home,D,1,1,Sheffield Utd,0.9,0.6,77,"41,651",John McGinn,4-4-1-1,Anthony Taylor,Match Report,
2023-12-26,20:00,Matchweek 19,Tue,Away,L,2,3,Manchester Utd,1.7,1.1,54,"73,574",John McGinn,4-2-3-1,Craig Pawson,Match Report,
2023-12-30,15:00,Matchweek 20,Sat,Home,W,3,2,Burnley,3.2,1.2,64,"41,613",John McGinn,4-4-1-1,Stuart Attwell,Match Report,
2024-01-14,14:00,Matchweek 21,Sun,Away,D,0,0,Everton,1.2,1.1,68,"39,284",John McGinn,4-4-2,David Coote,Match Report,
2024-01-30,20:15,Matchweek 22,Tue,Home,L,1,3,Newcastle Utd,1.4,2.6,61,"42,191",John McGinn,4-4-2,John Brooks,Match Report,
2024-02-03,17:30,Matchweek 23,Sat,Away,W,5,0,Sheffield Utd,2.2,1.4,63,"30,187",John McGinn,4-2-3-1,Paul Tierney,Match Report,
2024-02-11,16:30,Matchweek 24,Sun,Home,L,1,2,Manchester Utd,2.4,1.8,56,"42,185",John McGinn,4-2-3-1,Robert Jones,Match Report,
2024-02-17,15:00,Matchweek 25,Sat,Away,W,2,1,Fulham,1.5,1.5,48,"24,401",John McGinn,4-2-3-1,Lewis Smith,Match Report,
2024-02-24,15:00,Matchweek 26,Sat,Home,W,4,2,Nott'ham Forest,3.6,2.6,58,"42,131",John McGinn,4-2-3-1,Samuel Barrott,Match Report,
2024-03-02,17:30,Matchweek 27,Sat,Away,W,3,2,Luton Town,1.9,1.8,54,"11,594",John McGinn,4-2-3-1,Michael Oliver,Match Report,
2024-03-10,13:00,Matchweek 28,Sun,Home,L,0,4,Tottenham,0.8,1.5,32,"42,310",John McGinn,5-3-2,Chris Kavanagh,Match Report,
2024-03-17,14:00,Matchweek 29,Sun,Away,D,1,1,West Ham,0.7,2.0,69,"62,461",Emiliano Martínez,4-4-2,Jarred Gillett,Match Report,
2024-03-30,17:30,Matchweek 30,Sat,Home,W,2,0,Wolves,1.0,1.5,48,"42,640",Emiliano Martínez,4-4-2,Paul Tierney,Match Report,
2024-04-03,20:15,Matchweek 31,Wed,Away,L,1,4,Manchester City,0.8,3.4,33,"53,422",Douglas Luiz,4-2-3-1,Darren England,Match Report,
2024-04-06,15:00,Matchweek 32,Sat,Home,D,3,3,Brentford,1.5,1.5,69,"42,118",John McGinn,4-4-1-1,Michael Salisbury,Match Report,
2024-04-14,16:30,Matchweek 33,Sun,Away,W,2,0,Arsenal,0.9,1.6,48,"60,350",John McGinn,4-2-3-1,David Coote,Match Report,
2024-04-21,15:00,Matchweek 34,Sun,Home,W,3,1,Bournemouth,2.4,1.8,56,"42,189",John McGinn,4-2-3-1,Tim Robinson,Match Report,
2024-04-27,20:00,Matchweek 35,Sat,Home,D,2,2,Chelsea,1.1,1.6,29,"42,354",John McGinn,4-4-1-1,Craig Pawson,Match Report,
2024-05-05,14:00,Matchweek 36,Sun,Away,L,0,1,Brighton,0.1,2.5,48,"31,596",John McGinn,4-2-3-1,Robert Jones,Match Report,
2024-05-13,20:00,Matchweek 37,Mon,Home,D,3,3,Liverpool,3.1,1.7,41,"42,241",John McGinn,4-2-3-1,Simon Hooper,Match Report,
2024-05-19,16:00,Matchweek 38,Sun,Away,L,0,5,Crystal Palace,0.9,2.5,46,"25,191",John McGinn,4-4-2,Darren Bond,Match Report,
2023-08-13,14:00,Matchweek 1,Sun,Away,D,2,2,Brentford,1.3,2.2,69,"17,066",Son Heung-min,4-2-3-1,Robert Jones,Match Report,
2023-08-19,17:30,Matchweek 2,Sat,Home,W,2,0,Manchester Utd,1.7,2.1,55,"61,910",Son Heung-min,4-2-3-1,Michael Oliver,Match Report,
2023-08-26,12:30,Matchweek 3,Sat,Away,W,2,0,Bournemouth,2.1,0.7,56,"10,567",Son Heung-min,4-2-3-1,Tim Robinson,Match Report,
2023-09-02,15:00,Matchweek 4,Sat,Away,W,5,2,Burnley,2.2,1.3,53,"21,750",Son Heung-min,4-2-3-1,Darren England,Match Report,
2023-09-16,15:00,Matchweek 5,Sat,Home,W,2,1,Sheffield Utd,2.1,0.7,70,"61,706",Son Heung-min,4-2-3-1,Peter Bankes,Match Report,
2023-09-24,14:00,Matchweek 6,Sun,Away,D,2,2,Arsenal,1.4,1.8,53,"60,156",Son Heung-min,4-2-3-1,Robert Jones,Match Report,
2023-09-30,17:30,Matchweek 7,Sat,Home,W,2,1,Liverpool,2.2,1.3,64,"62,001",Son Heung-min,4-2-3-1,Simon Hooper,Match Report,
2023-10-07,12:30,Matchweek 8,Sat,Away,W,1,0,Luton Town,1.9,0.8,66,"10,290",Son Heung-min,4-2-3-1,John Brooks,Match Report,
2023-10-23,20:00,Matchweek 9,Mon,Home,W,2,0,Fulham,1.5,1.0,55,"61,286",Son Heung-min,4-2-3-1,Anthony Taylor,Match Report,
2023-10-27,20:00,Matchweek 10,Fri,Away,W,2,1,Crystal Palace,1.1,0.6,75,"25,074",Son Heung-min,4-2-3-1,Andy Madley,Match Report,
2023-11-06,20:00,Matchweek 11,Mon,Home,L,1,4,Chelsea,0.9,4.1,40,"61,726",Son Heung-min,4-2-3-1,Michael Oliver,Match Report,
2023-11-11,12:30,Matchweek 12,Sat,Away,L,1,2,Wolves,0.7,2.1,58,"31,642",Son Heung-min,4-3-3,Tim Robinson,Match Report,
2023-11-26,14:00,Matchweek 13,Sun,Home,L,1,2,Aston Villa,2.3,1.7,62,"61,679",Son Heung-min,4-2-3-1,Robert Jones,Match Report,
2023-12-03,16:30,Matchweek 14,Sun,Away,D,3,3,Manchester City,0.5,2.6,45,"53,473",Son Heung-min,4-2-3-1,Simon Hooper,Match Report,
2023-12-07,20:15,Matchweek 15,Thu,Home,L,1,2,West Ham,1.8,2.2,74,"61,171",Son Heung-min,4-2-3-1,Michael Salisbury,Match Report,
2023-12-10,16:30,Matchweek 16,Sun,Home,W,4,1,Newcastle Utd,3.8,1.7,56,"61,171",Son Heung-min,4-2-3-1,Chris Kavanagh,Match Report,
2023-12-15,20:00,Matchweek 17,Fri,Away,W,2,0,Nott'ham Forest,1.5,1.3,66,"29,296",Son Heung-min,4-2-3-1,Jarred Gillett,Match Report,
2023-12-23,15:00,Matchweek 18,Sat,Home,W,2,1,Everton,1.5,1.8,61,"61,808",Son Heung-min,4-2-3-1,Stuart Attwell,Match Report,
2023-12-28,19:30,Matchweek 19,Thu,Away,L,2,4,Brighton,2.3,3.2,55,"31,675",Son Heung-min,4-2-3-1,Jarred Gillett,Match Report,
2023-12-31,14:00,Matchweek 20,Sun,Home,W,3,1,Bournemouth,2.3,1.7,50,"61,780",Son Heung-min,4-3-3,Simon Hooper,Match Report,
2024-01-14,16:30,Matchweek 21,Sun,Away,D,2,2,Manchester Utd,1.2,0.8,63,"73,489",Cristian Romero,4-3-3,John Brooks,Match Report,
2024-01-31,19:30,Matchweek 22,Wed,Home,W,3,2,Brentford,2.9,1.6,67,"61,210",Cristian Romero,4-2-3-1,David Coote,Match Report,
2024-02-03,12:30,Matchweek 23,Sat,Away,D,2,2,Everton,1.0,2.6,57,"39,321",Cristian Romero,4-2-3-1,Michael Oliver,Match Report,
2024-02-10,15:00,Matchweek 24,Sat,Home,W,2,1,Brighton,1.6,1.2,52,"61,445",Cristian Romero,4-2-3-1,Samuel Barrott,Match Report,
2024-02-17,15:00,Matchweek 25,Sat,Home,L,1,2,Wolves,1.6,1.8,71,"61,532",Son Heung-min,4-2-3-1,Anthony Taylor,Match Report,
2024-03-02,15:00,Matchweek 27,Sat,Home,W,3,1,Crystal Palace,1.9,0.3,78,"61,339",Son Heung-min,4-2-3-1,John Brooks,Match Report,
2024-03-10,13:00,Matchweek 28,Sun,Away,W,4,0,Aston Villa,1.5,0.8,68,"42,310",Son Heung-min,4-2-3-1,Chris Kavanagh,Match Report,
2024-03-16,17:30,Matchweek 29,Sat,Away,L,0,3,Fulham,2.4,2.6,57,"24,410",Son Heung-min,4-2-3-1,Robert Jones,Match Report,
2024-03-30,15:00,Matchweek 30,Sat,Home,W,2,1,Luton Town,2.9,0.5,70,"61,534",Son Heung-min,4-2-3-1,Jarred Gillett,Match Report,
2024-04-02,20:15,Matchweek 31,Tue,Away,D,1,1,West Ham,1.0,1.5,67,"62,469",Son Heung-min,4-2-3-1,John Brooks,Match Report,
2024-04-07,18:00,Matchweek 32,Sun,Home,W,3,1,Nott'ham Forest,1.5,1.5,63,"61,098",Son Heung-min,4-2-3-1,Simon Hooper,Match Report,
2024-04-13,12:30,Matchweek 33,Sat,Away,L,0,4,Newcastle Utd,0.8,2.8,72,"52,147",Son Heung-min,4-2-3-1,Tim Robinson,Match Report,
2024-04-28,14:00,Matchweek 35,Sun,Home,L,2,3,Arsenal,2.3,1.0,62,"61,554",Son Heung-min,4-2-3-1,Michael Oliver,Match Report,
2024-05-02,19:30,Matchweek 26,Thu,Away,L,0,2,Chelsea,1.6,2.2,63,"39,086",Son Heung-min,4-2-3-1,Robert Jones,Match Report,
2024-05-05,16:30,Matchweek 36,Sun,Away,L,2,4,Liverpool,1.2,3.3,56,"60,075",Son Heung-min,4-3-3,Paul Tierney,Match Report,
2024-05-11,15:00,Matchweek 37,Sat,Home,W,2,1,Burnley,2.7,0.7,63,"61,148",Son Heung-min,4-3-3,Jarred Gillett,Match Report,
2024-05-14,20:00,Matchweek 34,Tue,Home,L,0,2,Manchester City,1.7,2.4,53,"61,065",Son Heung-min,4-3-1-2,Chris Kavanagh,Match Report,
2024-05-19,16:00,Matchweek 38,Sun,Away,W,3,0,Sheffield Utd,3.1,1.0,75,"29,116",Son Heung-min,4-2-3-1,Andy Madley,Match Report,
2023-08-13,16:30,Matchweek 1,Sun,Home,D,1,1,Liverpool,1.4,1.3,65,"40,096",Reece James,3-4-3,Anthony Taylor,Match Report,
2023-08-20,16:30,Matchweek 2,Sun,Away,L,1,3,West Ham,2.5,1.8,75,"62,451",Ben Chilwell,3-4-3,John Brooks,Match Report,
2023-08-25,20:00,Matchweek 3,Fri,Home,W,3,0,Luton Town,2.2,0.4,67,"39,893",Ben Chilwell,3-4-3,Robert Jones,Match Report,
2023-09-02,15:00,Matchweek 4,Sat,Home,L,0,1,Nott'ham Forest,2.3,0.8,75,"39,820",Ben Chilwell,3-4-3,Tim Robinson,Match Report,
2023-09-17,14:00,Matchweek 5,Sun,Away,D,0,0,Bournemouth,1.8,1.0,64,"10,421",Conor Gallagher,4-2-3-1,David Coote,Match Report,
2023-09-24,14:00,Matchweek 6,Sun,Home,L,0,1,Aston Villa,1.3,1.0,53,"39,700",Conor Gallagher,4-2-3-1,Jarred Gillett,Match Report,
2023-10-02,20:00,Matchweek 7,Mon,Away,W,2,0,Fulham,1.7,1.1,44,"24,445",Conor Gallagher,4-3-3,Tim Robinson,Match Report,
2023-10-07,15:00,Matchweek 8,Sat,Away,W,4,1,Burnley,1.9,0.7,62,"21,654",Conor Gallagher,4-3-3,Stuart Attwell,Match Report,
2023-10-21,17:30,Matchweek 9,Sat,Home,D,2,2,Arsenal,1.3,1.0,44,"39,723",Conor Gallagher,4-2-3-1,Chris Kavanagh,Match Report,
2023-10-28,12:30,Matchweek 10,Sat,Home,L,0,2,Brentford,1.9,2.2,68,"39,575",Conor Gallagher,4-2-3-1,Simon Hooper,Match Report,
2023-11-06,20:00,Matchweek 11,Mon,Away,W,4,1,Tottenham,4.1,0.9,60,"61,726",Reece James,4-2-3-1,Michael Oliver,Match Report,
2023-11-12,16:30,Matchweek 12,Sun,Home,D,4,4,Manchester City,2.9,2.9,45,"39,532",Reece James,4-2-3-1,Anthony Taylor,Match Report,
2023-11-25,15:00,Matchweek 13,Sat,Away,L,1,4,Newcastle Utd,0.5,2.4,46,"52,227",Reece James,4-2-3-1,Simon Hooper,Match Report,
2023-12-03,14:00,Matchweek 14,Sun,Home,W,3,2,Brighton,2.1,1.1,32,"39,647",Conor Gallagher,4-2-3-1,Craig Pawson,Match Report,
2023-12-06,20:15,Matchweek 15,Wed,Away,L,1,2,Manchester Utd,1.5,4.1,55,"73,607",Levi Colwill,4-2-3-1,Chris Kavanagh,Match Report,
2023-12-10,14:00,Matchweek 16,Sun,Away,L,0,2,Everton,0.9,1.2,71,"39,280",Reece James,4-2-3-1,Michael Oliver,Match Report,
2023-12-16,15:00,Matchweek 17,Sat,Home,W,2,0,Sheffield Utd,3.1,0.4,78,"39,599",Conor Gallagher,4-2-3-1,Andy Madley,Match Report,
2023-12-24,13:00,Matchweek 18,Sun,Away,L,1,2,Wolves,2.0,1.3,68,"31,641",Conor Gallagher,4-2-3-1,David Coote,Match Report,
2023-12-27,19:30,Matchweek 19,Wed,Home,W,2,1,Crystal Palace,2.6,1.1,63,"39,618",Conor Gallagher,4-2-3-1,Michael Salisbury,Match Report,
2023-12-30,12:30,Matchweek 20,Sat,Away,W,3,2,Luton Town,1.5,2.3,48,"11,041",Conor Gallagher,4-2-3-1,Paul Tierney,Match Report,
2024-01-13,12:30,Matchweek 21,Sat,Home,W,1,0,Fulham,2.2,0.8,55,"39,643",Conor Gallagher,4-2-3-1,Anthony Taylor,Match Report,
2024-01-31,20:15,Matchweek 22,Wed,Away,L,1,4,Liverpool,0.6,2.9,50,"57,524",Ben Chilwell,4-2-3-1,Paul Tierney,Match Report,
2024-02-04,14:00,Matchweek 23,Sun,Home,L,2,4,Wolves,1.7,2.0,64,"39,628",Ben Chilwell,4-2-3-1,Tim Robinson,Match Report,
2024-02-12,20:00,Matchweek 24,Mon,Away,W,3,1,Crystal Palace,1.4,0.6,77,"25,110",Ben Chilwell,4-2-3-1,Michael Oliver,Match Report,
2024-02-17,17:30,Matchweek 25,Sat,Away,D,1,1,Manchester City,1.4,2.6,30,"52,178",Ben Chilwell,4-2-3-1,Andy Madley,Match Report,
2024-03-02,15:00,Matchweek 27,Sat,Away,D,2,2,Brentford,1.8,1.8,67,"17,140",Ben Chilwell,3-5-2,Jarred Gillett,Match Report,
2024-03-11,20:00,Matchweek 28,Mon,Home,W,3,2,Newcastle Utd,1.6,0.7,44,"37,753",Conor Gallagher,4-2-3-1,John Brooks,Match Report,
2024-03-30,15:00,Matchweek 30,Sat,Home,D,2,2,Burnley,4.2,1.6,69,"39,535",Conor Gallagher,4-2-3-1,Darren England,Match Report,
2024-04-04,20:15,Matchweek 31,Thu,Home,W,4,3,Manchester Utd,3.0,1.5,57,"39,694",Conor Gallagher,4-2-3-1,Jarred Gillett,Match Report,
2024-04-07,17:30,Matchweek 32,Sun,Away,D,2,2,Sheffield Utd,0.3,1.4,68,"28,638",Conor Gallagher,4-2-3-1,Robert Jones,Match Report,
2024-04-15,20:00,Matchweek 33,Mon,Home,W,6,0,Everton,3.1,1.5,58,"39,392",Conor Gallagher,4-2-3-1,Paul Tierney,Match Report,
2024-04-23,20:00,Matchweek 29,Tue,Away,L,0,5,Arsenal,1.6,3.3,55,"60,238",Conor Gallagher,4-2-3-1,Simon Hooper,Match Report,
2024-04-27,20:00,Matchweek 35,Sat,Away,D,2,2,Aston Villa,1.6,1.1,71,"42,354",Conor Gallagher,4-2-3-1,Craig Pawson,Match Report,
2024-05-02,19:30,Matchweek 26,Thu,Home,W,2,0,Tottenham,2.2,1.6,37,"39,086",Conor Gallagher,4-2-3-1,Robert Jones,Match Report,
2024-05-05,14:00,Matchweek 36,Sun,Home,W,5,0,West Ham,4.1,0.9,69,"39,295",Conor Gallagher,4-2-3-1,Andy Madley,Match Report,
2024-05-11,17:30,Matchweek 37,Sat,Away,W,3,2,Nott'ham Forest,1.6,1.5,67,"29,708",Conor Gallagher,4-2-3-1,Tony Harrington,Match Report,
2024-05-15,19:45,Matchweek 34,Wed,Away,W,2,1,Brighton,1.5,1.3,45,"31,555",Conor Gallagher,4-2-3-1,Michael Salisbury,Match Report,
2024-05-19,16:00,Matchweek 38,Sun,Home,W,2,1,Bournemouth,1.1,2.2,61,"39,724",Conor Gallagher,4-2-3-1,Anthony Taylor,Match Report,
2023-08-12,17:30,Matchweek 1,Sat,Home,W,5,1,Aston Villa,3.3,1.8,52,"52,207",Kieran Trippier,4-3-3,Andy Madley,Match Report,
2023-08-19,20:00,Matchweek 2,Sat,Away,L,0,1,Manchester City,0.3,1.0,41,"53,419",Kieran Trippier,4-3-3,Robert Jones,Match Report,
2023-08-27,16:30,Matchweek 3,Sun,Home,L,1,2,Liverpool,2.0,0.9,59,"52,214",Kieran Trippier,4-3-3,John Brooks,Match Report,
2023-09-02,17:30,Matchweek 4,Sat,Away,L,1,3,Brighton,1.2,1.3,44,"31,620",Kieran Trippier,4-3-3,Stuart Attwell,Match Report,
2023-09-16,17:30,Matchweek 5,Sat,Home,W,1,0,Brentford,1.4,0.5,56,"51,670",Kieran Trippier,4-3-3,Craig Pawson,Match Report,
2023-09-24,16:30,Matchweek 6,Sun,Away,W,8,0,Sheffield Utd,3.9,0.9,58,"31,127",Kieran Trippier,4-3-3,Stuart Attwell,Match Report,
2023-09-30,15:00,Matchweek 7,Sat,Home,W,2,0,Burnley,3.1,0.6,53,"51,687",Jamaal Lascelles,4-3-3,Thomas Bramall,Match Report,
2023-10-08,14:00,Matchweek 8,Sun,Away,D,2,2,West Ham,2.0,1.2,64,"62,473",Jamaal Lascelles,4-3-3,Peter Bankes,Match Report,
2023-10-21,15:00,Matchweek 9,Sat,Home,W,4,0,Crystal Palace,2.4,1.2,59,"52,189",Jamaal Lascelles,4-3-3,Tim Robinson,Match Report,
2023-10-28,17:30,Matchweek 10,Sat,Away,D,2,2,Wolves,2.2,0.9,57,"31,584",Jamaal Lascelles,4-3-3,Anthony Taylor,Match Report,
2023-11-04,17:30,Matchweek 11,Sat,Home,W,1,0,Arsenal,1.0,0.6,42,"52,194",Jamaal Lascelles,4-3-3,Stuart Attwell,Match Report,
2023-11-11,17:30,Matchweek 12,Sat,Away,L,0,2,Bournemouth,0.5,2.4,52,"11,201",Jamaal Lascelles,4-3-3,Chris Kavanagh,Match Report,
2023-11-25,15:00,Matchweek 13,Sat,Home,W,4,1,Chelsea,2.4,0.5,54,"52,227",Jamaal Lascelles,4-3-3,Simon Hooper,Match Report,
2023-12-02,20:00,Matchweek 14,Sat,Home,W,1,0,Manchester Utd,2.4,0.5,58,"52,214",Jamaal Lascelles,4-3-3,Robert Jones,Match Report,
2023-12-07,19:30,Matchweek 15,Thu,Away,L,0,3,Everton,1.5,3.3,62,"38,198",Jamaal Lascelles,4-3-3,Tim Robinson,Match Report,
2023-12-10,16:30,Matchweek 16,Sun,Away,L,1,4,Tottenham,1.7,3.8,44,"61,171",Jamaal Lascelles,4-3-3,Chris Kavanagh,Match Report,
2023-12-16,15:00,Matchweek 17,Sat,Home,W,3,0,Fulham,3.5,0.3,70,"52,055",Jamaal Lascelles,4-3-3,Samuel Barrott,Match Report,
2023-12-23,15:00,Matchweek 18,Sat,Away,L,0,1,Luton Town,1.4,1.4,65,"11,042",Jamaal Lascelles,4-3-3,Darren England,Match Report,
2023-12-26,12:30,Matchweek 19,Tue,Home,L,1,3,Nott'ham Forest,2.4,3.5,62,"52,207",Kieran Trippier,4-3-3,Chris Kavanagh,Match Report,
2024-01-01,20:00,Matchweek 20,Mon,Away,L,2,4,Liverpool,0.6,7.0,39,"57,471",Dan Burn,4-3-3,Anthony Taylor,Match Report,
2024-01-13,17:30,Matchweek 21,Sat,Home,L,2,3,Manchester City,1.3,3.0,28,"52,190",Kieran Trippier,4-3-3,Chris Kavanagh,Match Report,
2024-01-30,20:15,Matchweek 22,Tue,Away,W,3,1,Aston Villa,2.6,1.4,39,"42,191",Kieran Trippier,4-3-3,John Brooks,Match Report,
2024-02-03,15:00,Matchweek 23,Sat,Home,D,4,4,Luton Town,2.3,2.4,55,"52,211",Kieran Trippier,4-3-3,Thomas Bramall,Match Report,
2024-02-10,17:30,Matchweek 24,Sat,Away,W,3,2,Nott'ham Forest,0.5,1.5,61,"29,451",Kieran Trippier,4-3-3,Anthony Taylor,Match Report,
2024-02-17,15:00,Matchweek 25,Sat,Home,D,2,2,Bournemouth,2.2,2.2,62,"52,224",Kieran Trippier,4-3-3,Michael Salisbury,Match Report,
2024-02-24,20:00,Matchweek 26,Sat,Away,L,1,4,Arsenal,0.2,2.8,45,"60,298",Kieran Trippier,4-3-3,Paul Tierney,Match Report,
2024-03-02,15:00,Matchweek 27,Sat,Home,W,3,0,Wolves,2.1,0.8,44,"52,206",Kieran Trippier,4-3-3,Tim Robinson,Match Report,
2024-03-11,20:00,Matchweek 28,Mon,Away,L,2,3,Chelsea,0.7,1.6,56,"37,753",Dan Burn,4-3-3,John Brooks,Match Report,
2024-03-30,12:30,Matchweek 30,Sat,Home,W,4,3,West Ham,4.1,1.4,60,"52,199",Jamaal Lascelles,4-3-3,Robert Jones,Match Report,
2024-04-02,19:30,Matchweek 31,Tue,Home,D,1,1,Everton,2.4,1.4,57,"52,135",Dan Burn,4-3-3,Tony Harrington,Match Report,
2024-04-06,15:00,Matchweek 32,Sat,Away,W,1,0,Fulham,1.0,1.2,34,"24,418",Dan Burn,4-3-3,Samuel Allison,Match Report,
2024-04-13,12:30,Matchweek 33,Sat,Home,W,4,0,Tottenham,2.8,0.8,28,"52,147",Dan Burn,4-3-3,Tim Robinson,Match Report,
2024-04-24,20:00,Matchweek 29,Wed,Away,L,0,2,Crystal Palace,0.4,0.9,53,"25,002",Dan Burn,3-4-3,Thomas Bramall,Match Report,
2024-04-27,15:00,Matchweek 35,Sat,Home,W,5,1,Sheffield Utd,3.1,1.5,60,"52,196",Dan Burn,4-3-3,Tony Harrington,Match Report,
2024-05-04,15:00,Matchweek 36,Sat,Away,W,4,1,Burnley,3.4,1.0,53,"21,781",Dan Burn,4-4-2,Anthony Taylor,Match Report,
2024-05-11,15:00,Matchweek 37,Sat,Home,D,1,1,Brighton,2.2,1.4,57,"51,997",Dan Burn,4-3-3,Darren England,Match Report,
2024-05-15,20:00,Matchweek 34,Wed,Away,L,2,3,Manchester Utd,2.2,1.5,55,"73,582",Kieran Trippier,4-3-3,Robert Jones,Match Report,
2024-05-19,16:00,Matchweek 38,Sun,Away,W,4,2,Brentford,3.4,1.1,46,"17,124",Dan Burn,4-3-3,Simon Hooper,Match Report,
2023-08-14,20:00,Matchweek 1,Mon,Home,W,1,0,Wolves,2.2,2.2,51,"73,358",Bruno Fernandes,4-1-4-1,Simon Hooper,Match Report,
2023-08-19,17:30,Matchweek 2,Sat,Away,L,0,2,Tottenham,2.1,1.7,45,"61,910",Bruno Fernandes,4-2-3-1,Michael Oliver,Match Report,
2023-08-26,15:00,Matchweek 3,Sat,Home,W,3,2,Nott'ham Forest,2.8,1.2,66,"73,595",Bruno Fernandes,4-2-3-1,Stuart Attwell,Match Report,
2023-09-03,16:30,Matchweek 4,Sun,Away,L,1,3,Arsenal,0.9,2.3,45,"60,192",Bruno Fernandes,4-2-3-1,Anthony Taylor,Match Report,
2023-09-16,15:00,Matchweek 5,Sat,Home,L,1,3,Brighton,1.0,1.7,44,"73,592",Bruno Fernandes,4-1-2-1-2◆,Jarred Gillett,Match Report,
2023-09-23,20:00,Matchweek 6,Sat,Away,W,1,0,Burnley,1.0,1.1,39,"21,593",Bruno Fernandes,4-2-3-1,Tony Harrington,Match Report,
2023-09-30,15:00,Matchweek 7,Sat,Home,L,0,1,Crystal Palace,1.3,0.9,77,"73,428",Bruno Fernandes,4-2-3-1,Chris Kavanagh,Match Report,
2023-10-07,15:00,Matchweek 8,Sat,Home,W,2,1,Brentford,1.4,0.9,64,"73,453",Bruno Fernandes,4-2-3-1,Andy Madley,Match Report,
2023-10-21,20:00,Matchweek 9,Sat,Away,W,2,1,Sheffield Utd,1.1,1.4,62,"31,543",Bruno Fernandes,4-2-3-1,Michael Oliver,Match Report,
2023-10-29,15:30,Matchweek 10,Sun,Home,L,0,3,Manchester City,0.9,4.0,40,"73,502",Bruno Fernandes,4-2-3-1,Paul Tierney,Match Report,
2023-11-04,12:30,Matchweek 11,Sat,Away,W,1,0,Fulham,0.7,1.0,55,"24,415",Bruno Fernandes,4-2-3-1,John Brooks,Match Report,
2023-11-11,15:00,Matchweek 12,Sat,Home,W,1,0,Luton Town,2.2,0.4,64,"73,599",Bruno Fernandes,4-2-3-1,Graham Scott,Match Report,
2023-11-26,16:30,Matchweek 13,Sun,Away,W,3,0,Everton,2.2,2.4,49,"39,257",Bruno Fernandes,4-2-3-1,John Brooks,Match Report,
2023-12-02,20:00,Matchweek 14,Sat,Away,L,0,1,Newcastle Utd,0.5,2.4,42,"52,214",Bruno Fernandes,4-2-3-1,Robert Jones,Match Report,
2023-12-06,20:15,Matchweek 15,Wed,Home,W,2,1,Chelsea,4.1,1.5,45,"73,607",Bruno Fernandes,4-2-3-1,Chris Kavanagh,Match Report,
2023-12-09,15:00,Matchweek 16,Sat,Home,L,0,3,Bournemouth,1.1,1.5,68,"73,427",Bruno Fernandes,4-2-3-1,Peter Bankes,Match Report,
2023-12-17,16:30,Matchweek 17,Sun,Away,D,0,0,Liverpool,0.8,2.3,32,"57,158",Scott McTominay,4-2-3-1,Michael Oliver,Match Report,
2023-12-23,12:30,Matchweek 18,Sat,Away,L,0,2,West Ham,1.0,1.2,65,"64,472",Bruno Fernandes,4-2-3-1,Simon Hooper,Match Report,
2023-12-26,20:00,Matchweek 19,Tue,Home,W,3,2,Aston Villa,1.1,1.7,46,"73,574",Bruno Fernandes,4-2-3-1,Craig Pawson,Match Report,
2023-12-30,17:30,Matchweek 20,Sat,Away,L,1,2,Nott'ham Forest,0.8,0.7,56,"29,529",Bruno Fernandes,4-2-3-1,Tim Robinson,Match Report,
2024-01-14,16:30,Matchweek 21,Sun,Home,D,2,2,Tottenham,0.8,1.2,37,"73,489",Bruno Fernandes,4-2-3-1,John Brooks,Match Report,
2024-02-01,20:15,Matchweek 22,Thu,Away,W,4,3,Wolves,3.3,2.1,47,"31,641",Bruno Fernandes,4-2-3-1,Jarred Gillett,Match Report,
2024-02-04,14:00,Matchweek 23,Sun,Home,W,3,0,West Ham,0.7,1.4,51,"73,612",Bruno Fernandes,4-2-3-1,Andy Madley,Match Report,
2024-02-11,16:30,Matchweek 24,Sun,Away,W,2,1,Aston Villa,1.8,2.4,44,"42,185",Bruno Fernandes,4-2-3-1,Robert Jones,Match Report,
2024-02-18,16:30,Matchweek 25,Sun,Away,W,2,1,Luton Town,2.9,1.8,42,"11,483",Bruno Fernandes,4-2-3-1,David Coote,Match Report,
2024-02-24,15:00,Matchweek 26,Sat,Home,L,1,2,Fulham,1.7,1.2,57,"73,487",Bruno Fernandes,4-2-3-1,Michael Oliver,Match Report,
2024-03-03,15:30,Matchweek 27,Sun,Away,L,1,3,Manchester City,0.2,3.3,27,"53,514",Bruno Fernandes,4-2-4-0,Andy Madley,Match Report,
2024-03-09,12:30,Matchweek 28,Sat,Home,W,2,0,Everton,2.7,1.6,51,"73,601",Bruno Fernandes,4-2-4-0,Simon Hooper,Match Report,
2024-03-30,20:00,Matchweek 30,Sat,Away,D,1,1,Brentford,0.6,3.2,53,"17,138",Bruno Fernandes,4-2-3-1,Simon Hooper,Match Report,
2024-04-04,20:15,Matchweek 31,Thu,Away,L,3,4,Chelsea,1.5,3.0,43,"39,694",Bruno Fernandes,4-2-3-1,Jarred Gillett,Match Report,
2024-04-07,15:30,Matchweek 32,Sun,Home,D,2,2,Liverpool,0.7,3.6,38,"73,501",Bruno Fernandes,4-2-3-1,Anthony Taylor,Match Report,
2024-04-13,17:30,Matchweek 33,Sat,Away,D,2,2,Bournemouth,1.2,1.6,57,"11,229",Bruno Fernandes,4-2-3-1,Tony Harrington,Match Report,
2024-04-24,20:00,Matchweek 29,Wed,Home,W,4,2,Sheffield Utd,2.9,0.8,71,"73,549",Bruno Fernandes,4-2-3-1,Michael Salisbury,Match Report,
2024-04-27,15:00,Matchweek 35,Sat,Home,D,1,1,Burnley,2.7,2.1,48,"73,571",Bruno Fernandes,4-2-3-1,John Brooks,Match Report,
2024-05-06,20:00,Matchweek 36,Mon,Away,L,0,4,Crystal Palace,0.4,1.7,57,"25,190",Casemiro,4-2-3-1,Jarred Gillett,Match Report,
2024-05-12,16:30,Matchweek 37,Sun,Home,L,0,1,Arsenal,0.5,1.5,54,"73,600",Scott McTominay,4-2-3-1,Paul Tierney,Match Report,
2024-05-15,20:00,Matchweek 34,Wed,Home,W,3,2,Newcastle Utd,1.5,2.2,45,"73,582",Bruno Fernandes,4-2-2-2,Robert Jones,Match Report,
2024-05-19,16:00,Matchweek 38,Sun,Away,W,2,0,Brighton,1.3,1.7,45,"31,662",Bruno Fernandes,4-2-2-2,Craig Pawson,Match Report,
2023-08-12,15:00,Matchweek 1,Sat,Away,D,1,1,Bournemouth,1.1,1.3,38,"11,245",Kurt Zouma,4-2-3-1,Peter Bankes,Match Report,
2023-08-20,16:30,Matchweek 2,Sun,Home,W,3,1,Chelsea,1.8,2.5,25,"62,451",Kurt Zouma,4-2-3-1,John Brooks,Match Report,
2023-08-26,17:30,Matchweek 3,Sat,Away,W,3,1,Brighton,3.0,1.5,22,"31,508",Kurt Zouma,4-1-4-1,Anthony Taylor,Match Report,
2023-09-01,20:00,Matchweek 4,Fri,Away,W,2,1,Luton Town,1.0,1.4,61,"10,802",Kurt Zouma,4-2-3-1,Paul Tierney,Match Report,
2023-09-16,15:00,Matchweek 5,Sat,Home,L,1,3,Manchester City,0.9,3.6,32,"62,475",Kurt Zouma,4-2-3-1,Andy Madley,Match Report,
2023-09-24,14:00,Matchweek 6,Sun,Away,L,1,3,Liverpool,1.1,3.0,37,"50,136",Kurt Zouma,4-2-3-1,Chris Kavanagh,Match Report,
2023-09-30,15:00,Matchweek 7,Sat,Home,W,2,0,Sheffield Utd,2.1,1.1,52,"62,459",Kurt Zouma,4-2-3-1,Graham Scott,Match Report,
2023-10-08,14:00,Matchweek 8,Sun,Home,D,2,2,Newcastle Utd,1.2,2.0,36,"62,473",Kurt Zouma,4-2-3-1,Peter Bankes,Match Report,
2023-10-22,16:30,Matchweek 9,Sun,Away,L,1,4,Aston Villa,1.1,1.9,42,"41,734",Kurt Zouma,4-2-3-1,David Coote,Match Report,
2023-10-29,13:00,Matchweek 10,Sun,Home,L,0,1,Everton,0.7,0.8,64,"62,469",Kurt Zouma,4-2-3-1,Stuart Attwell,Match Report,
2023-11-04,15:00,Matchweek 11,Sat,Away,L,2,3,Brentford,1.8,1.5,42,"17,103",James Ward-Prowse,4-4-2,Thomas Bramall,Match Report,
2023-11-12,14:00,Matchweek 12,Sun,Home,W,3,2,Nott'ham Forest,1.8,1.7,54,"62,470",Kurt Zouma,4-2-3-1,Michael Salisbury,Match Report,
2023-11-25,15:00,Matchweek 13,Sat,Away,W,2,1,Burnley,0.9,1.3,50,"21,319",Kurt Zouma,4-2-3-1,Samuel Barrott,Match Report,
2023-12-03,14:00,Matchweek 14,Sun,Home,D,1,1,Crystal Palace,1.1,0.9,55,"62,414",Tomáš Souček,4-2-3-1,Michael Oliver,Match Report,
2023-12-07,20:15,Matchweek 15,Thu,Away,W,2,1,Tottenham,2.2,1.8,26,"61,171",Kurt Zouma,4-3-3,Michael Salisbury,Match Report,
2023-12-10,14:00,Matchweek 16,Sun,Away,L,0,5,Fulham,1.3,2.3,37,"23,988",Kurt Zouma,4-4-1-1,Paul Tierney,Match Report,
2023-12-17,14:00,Matchweek 17,Sun,Home,W,3,0,Wolves,1.1,0.7,45,"62,455",Kurt Zouma,4-2-3-1,Chris Kavanagh,Match Report,
2023-12-23,12:30,Matchweek 18,Sat,Home,W,2,0,Manchester Utd,1.2,1.0,35,"64,472",Kurt Zouma,4-2-3-1,Simon Hooper,Match Report,
2023-12-28,20:15,Matchweek 19,Thu,Away,W,2,0,Arsenal,1.4,2.7,27,"60,261",Angelo Ogbonna,4-2-3-1,Michael Oliver,Match Report,
2024-01-02,19:30,Matchweek 20,Tue,Home,D,0,0,Brighton,0.7,2.3,32,"62,462",Angelo Ogbonna,4-2-3-1,Samuel Barrott,Match Report,
2024-01-21,14:00,Matchweek 21,Sun,Away,D,2,2,Sheffield Utd,2.3,2.5,43,"29,164",Kurt Zouma,4-4-1-1,Michael Salisbury,Match Report,
2024-02-01,19:30,Matchweek 22,Thu,Home,D,1,1,Bournemouth,1.4,1.2,48,"62,478",Kurt Zouma,4-3-2-1,Tim Robinson,Match Report,
2024-02-04,14:00,Matchweek 23,Sun,Away,L,0,3,Manchester Utd,1.4,0.7,49,"73,612",Kurt Zouma,4-2-3-1,Andy Madley,Match Report,
2024-02-11,14:00,Matchweek 24,Sun,Home,L,0,6,Arsenal,0.2,3.6,30,"62,475",Kurt Zouma,4-2-3-1,Craig Pawson,Match Report,
2024-02-17,15:00,Matchweek 25,Sat,Away,L,0,2,Nott'ham Forest,0.5,2.8,51,"29,490",Kurt Zouma,4-2-3-1,Thomas Bramall,Match Report,
2024-02-26,20:00,Matchweek 26,Mon,Home,W,4,2,Brentford,1.7,0.9,41,"62,450",Kurt Zouma,4-2-3-1,Simon Hooper,Match Report,
2024-03-02,15:00,Matchweek 27,Sat,Away,W,3,1,Everton,1.9,2.7,45,"39,262",Kurt Zouma,4-2-3-1,Craig Pawson,Match Report,
2024-03-10,14:00,Matchweek 28,Sun,Home,D,2,2,Burnley,2.1,0.7,52,"62,441",Tomáš Souček,4-2-3-1,Darren England,Match Report,
2024-03-17,14:00,Matchweek 29,Sun,Home,D,1,1,Aston Villa,2.0,0.7,31,"62,461",Kurt Zouma,4-2-3-1,Jarred Gillett,Match Report,
2024-03-30,12:30,Matchweek 30,Sat,Away,L,3,4,Newcastle Utd,1.4,4.1,40,"52,199",Kurt Zouma,4-2-3-1,Robert Jones,Match Report,
2024-04-02,20:15,Matchweek 31,Tue,Home,D,1,1,Tottenham,1.5,1.0,33,"62,469",Kurt Zouma,4-5-1,John Brooks,Match Report,
2024-04-06,15:00,Matchweek 32,Sat,Away,W,2,1,Wolves,1.2,1.5,42,"31,504",Kurt Zouma,4-2-3-1,Tony Harrington,Match Report,
2024-04-14,14:00,Matchweek 33,Sun,Home,L,0,2,Fulham,0.9,3.2,58,"62,459",Łukasz Fabiański,4-2-3-1,Stuart Attwell,Match Report,
2024-04-21,15:00,Matchweek 34,Sun,Away,L,2,5,Crystal Palace,1.3,2.4,40,"25,145",Kurt Zouma,4-2-3-1,Graham Scott,Match Report,
2024-04-27,12:30,Matchweek 35,Sat,Home,D,2,2,Liverpool,0.7,1.7,29,"62,474",Kurt Zouma,4-2-3-1,Anthony Taylor,Match Report,
2024-05-05,14:00,Matchweek 36,Sun,Away,L,0,5,Chelsea,0.9,4.1,31,"39,295",Kurt Zouma,4-2-3-1,Andy Madley,Match Report,
2024-05-11,15:00,Matchweek 37,Sat,Home,W,3,1,Luton Town,3.2,0.3,58,"62,475",Kurt Zouma,4-2-3-1,Michael Oliver,Match Report,
2024-05-19,16:00,Matchweek 38,Sun,Away,L,1,3,Manchester City,0.4,1.9,29,"55,097",Kurt Zouma,3-4-3,John Brooks,Match Report,
2023-08-12,15:00,Matchweek 1,Sat,Away,W,1,0,Sheffield Utd,1.9,0.5,68,"31,194",Joel Ward,4-2-3-1,John Brooks,Match Report,
2023-08-21,20:00,Matchweek 2,Mon,Home,L,0,1,Arsenal,1.0,2.0,47,"24,189",Joel Ward,4-2-3-1,David Coote,Match Report,
2023-08-26,15:00,Matchweek 3,Sat,Away,D,1,1,Brentford,0.8,1.0,40,"16,997",Joel Ward,4-2-3-1,Peter Bankes,Match Report,
2023-09-03,14:00,Matchweek 4,Sun,Home,W,3,2,Wolves,2.1,1.2,43,"24,741",Joel Ward,4-3-3,Robert Jones,Match Report,
2023-09-16,15:00,Matchweek 5,Sat,Away,L,1,3,Aston Villa,1.2,3.0,34,"40,809",Joel Ward,4-4-1-1,Darren England,Match Report,
2023-09-23,15:00,Matchweek 6,Sat,Home,D,0,0,Fulham,0.3,0.6,51,"25,072",Joel Ward,4-2-3-1,Paul Tierney,Match Report,
2023-09-30,15:00,Matchweek 7,Sat,Away,W,1,0,Manchester Utd,0.9,1.3,23,"73,428",Joel Ward,4-3-3,Chris Kavanagh,Match Report,
2023-10-07,17:30,Matchweek 8,Sat,Home,D,0,0,Nott'ham Forest,0.8,1.0,52,"25,017",Marc Guéhi,4-3-3,Craig Pawson,Match Report,
2023-10-21,15:00,Matchweek 9,Sat,Away,L,0,4,Newcastle Utd,1.2,2.4,41,"52,189",Joel Ward,4-3-3,Tim Robinson,Match Report,
2023-10-27,20:00,Matchweek 10,Fri,Home,L,1,2,Tottenham,0.6,1.1,25,"25,074",Joel Ward,4-2-3-1,Andy Madley,Match Report,
2023-11-04,15:00,Matchweek 11,Sat,Away,W,2,0,Burnley,1.3,1.1,33,"21,578",Joel Ward,4-2-3-1,Peter Bankes,Match Report,
2023-11-11,15:00,Matchweek 12,Sat,Home,L,2,3,Everton,2.2,1.5,67,"25,103",Joel Ward,4-2-3-1,Samuel Barrott,Match Report,
2023-11-25,15:00,Matchweek 13,Sat,Away,L,1,2,Luton Town,1.6,0.9,61,"11,029",Joel Ward,4-2-3-1,Jarred Gillett,Match Report,
2023-12-03,14:00,Matchweek 14,Sun,Away,D,1,1,West Ham,0.9,1.1,45,"62,414",Joel Ward,4-3-3,Michael Oliver,Match Report,
2023-12-06,19:30,Matchweek 15,Wed,Home,L,0,2,Bournemouth,1.0,1.8,59,"25,078",Joel Ward,4-2-3-1,Craig Pawson,Match Report,
2023-12-09,12:30,Matchweek 16,Sat,Home,L,1,2,Liverpool,1.7,1.2,24,"25,103",Joel Ward,4-3-3,Andy Madley,Match Report,
2023-12-16,15:00,Matchweek 17,Sat,Away,D,2,2,Manchester City,1.8,1.6,26,"53,248",Joel Ward,5-4-1,Paul Tierney,Match Report,
2023-12-21,20:00,Matchweek 18,Thu,Home,D,1,1,Brighton,1.3,1.2,35,"24,171",Marc Guéhi,4-3-3,John Brooks,Match Report,
2023-12-27,19:30,Matchweek 19,Wed,Away,L,1,2,Chelsea,1.1,2.6,37,"39,618",Marc Guéhi,4-3-3,Michael Salisbury,Match Report,
2023-12-30,15:00,Matchweek 20,Sat,Home,W,3,1,Brentford,1.0,1.4,46,"25,472",Marc Guéhi,4-3-3,Robert Jones,Match Report,
2024-01-20,12:30,Matchweek 21,Sat,Away,L,0,5,Arsenal,0.3,3.3,40,"60,284",Marc Guéhi,3-4-3,Paul Tierney,Match Report,
2024-01-30,20:00,Matchweek 22,Tue,Home,W,3,2,Sheffield Utd,1.1,0.8,53,"24,781",Marc Guéhi,4-3-3,Tony Harrington,Match Report,
2024-02-03,15:00,Matchweek 23,Sat,Away,L,1,4,Brighton,0.3,1.4,32,"31,345",Marc Guéhi,4-3-3,Simon Hooper,Match Report,
2024-02-12,20:00,Matchweek 24,Mon,Home,L,1,3,Chelsea,0.6,1.4,23,"25,110",Joachim Andersen,4-1-4-1,Michael Oliver,Match Report,
2024-02-19,20:00,Matchweek 25,Mon,Away,D,1,1,Everton,0.7,1.7,39,"38,164",Joel Ward,3-4-3,Paul Tierney,Match Report,
2024-02-24,15:00,Matchweek 26,Sat,Home,W,3,0,Burnley,2.4,0.1,56,"24,042",Joel Ward,3-4-3,Lewis Smith,Match Report,
2024-03-02,15:00,Matchweek 27,Sat,Away,L,1,3,Tottenham,0.3,1.9,22,"61,339",Joel Ward,3-4-3,John Brooks,Match Report,
2024-03-09,15:00,Matchweek 28,Sat,Home,D,1,1,Luton Town,2.7,0.8,49,"25,103",Joel Ward,3-4-3,Sunny Singh,Match Report,
2024-03-30,15:00,Matchweek 30,Sat,Away,D,1,1,Nott'ham Forest,1.2,0.9,41,"29,520",Joel Ward,3-4-3,Chris Kavanagh,Match Report,
2024-04-02,19:45,Matchweek 31,Tue,Away,L,0,1,Bournemouth,0.2,1.1,50,"11,058",Joel Ward,3-4-3,Graham Scott,Match Report,
2024-04-06,12:30,Matchweek 32,Sat,Home,L,2,4,Manchester City,1.1,1.9,25,"25,132",Joel Ward,3-4-3,Paul Tierney,Match Report,
2024-04-14,14:00,Matchweek 33,Sun,Away,W,1,0,Liverpool,2.0,2.7,31,"60,090",Joachim Andersen,3-4-3,Chris Kavanagh,Match Report,
2024-04-21,15:00,Matchweek 34,Sun,Home,W,5,2,West Ham,2.4,1.3,60,"25,145",Joachim Andersen,3-4-3,Graham Scott,Match Report,
2024-04-24,20:00,Matchweek 29,Wed,Home,W,2,0,Newcastle Utd,0.9,0.4,47,"25,002",Joachim Andersen,3-4-3,Thomas Bramall,Match Report,
2024-04-27,15:00,Matchweek 35,Sat,Away,D,1,1,Fulham,1.0,1.1,47,"24,142",Joachim Andersen,3-4-3,Stuart Attwell,Match Report,
2024-05-06,20:00,Matchweek 36,Mon,Home,W,4,0,Manchester Utd,1.7,0.4,43,"25,190",Joachim Andersen,3-4-3,Jarred Gillett,Match Report,
2024-05-11,15:00,Matchweek 37,Sat,Away,W,3,1,Wolves,2.6,1.6,38,"31,424",Joachim Andersen,3-4-3,Thomas Bramall,Match Report,
2024-05-19,16:00,Matchweek 38,Sun,Home,W,5,0,Aston Villa,2.5,0.9,54,"25,191",Marc Guéhi,3-4-3,Darren Bond,Match Report,
2023-08-12,15:00,Matchweek 1,Sat,Home,W,4,1,Luton Town,4.0,1.5,70,"31,872",Lewis Dunk,4-2-3-1,David Coote,Match Report,
2023-08-19,15:00,Matchweek 2,Sat,Away,W,4,1,Wolves,2.2,2.1,53,"31,317",Lewis Dunk,4-2-3-1,Andy Madley,Match Report,
2023-08-26,17:30,Matchweek 3,Sat,Home,L,1,3,West Ham,1.5,3.0,78,"31,508",Lewis Dunk,4-2-3-1,Anthony Taylor,Match Report,
2023-09-02,17:30,Matchweek 4,Sat,Home,W,3,1,Newcastle Utd,1.3,1.2,56,"31,620",Lewis Dunk,4-2-3-1,Stuart Attwell,Match Report,
2023-09-16,15:00,Matchweek 5,Sat,Away,W,3,1,Manchester Utd,1.7,1.0,56,"73,592",Lewis Dunk,4-2-3-1,Jarred Gillett,Match Report,
2023-09-24,14:00,Matchweek 6,Sun,Home,W,3,1,Bournemouth,1.9,1.1,61,"31,617",Lewis Dunk,4-2-3-1,John Brooks,Match Report,
2023-09-30,12:30,Matchweek 7,Sat,Away,L,1,6,Aston Villa,1.7,1.6,61,"40,636",Lewis Dunk,4-2-3-1,Andy Madley,Match Report,
2023-10-08,14:00,Matchweek 8,Sun,Home,D,2,2,Liverpool,2.3,2.3,46,"31,752",Lewis Dunk,4-2-3-1,Anthony Taylor,Match Report,
2023-10-21,15:00,Matchweek 9,Sat,Away,L,1,2,Manchester City,0.8,0.8,45,"53,466",Lewis Dunk,4-2-3-1,Robert Jones,Match Report,
2023-10-29,14:00,Matchweek 10,Sun,Home,D,1,1,Fulham,1.4,0.7,71,"31,550",Lewis Dunk,3-4-3,Michael Salisbury,Match Report,
2023-11-04,15:00,Matchweek 11,Sat,Away,D,1,1,Everton,0.5,0.7,79,"38,683",Lewis Dunk,4-3-3,Tim Robinson,Match Report,
2023-11-12,14:00,Matchweek 12,Sun,Home,D,1,1,Sheffield Utd,1.5,1.1,61,"31,367",Pascal Groß,4-2-3-1,John Brooks,Match Report,
2023-11-25,15:00,Matchweek 13,Sat,Away,W,3,2,Nott'ham Forest,1.3,1.9,53,"29,404",Lewis Dunk,4-2-3-1,Anthony Taylor,Match Report,
2023-12-03,14:00,Matchweek 14,Sun,Away,L,2,3,Chelsea,1.1,2.1,68,"39,647",Adam Lallana,4-2-3-1,Craig Pawson,Match Report,
2023-12-06,19:30,Matchweek 15,Wed,Home,W,2,1,Brentford,1.5,1.5,61,"31,571",Pascal Groß,4-2-3-1,Peter Bankes,Match Report,
2023-12-09,15:00,Matchweek 16,Sat,Home,D,1,1,Burnley,2.6,0.6,72,"31,511",Lewis Dunk,4-2-3-1,Simon Hooper,Match Report,
2023-12-17,14:00,Matchweek 17,Sun,Away,L,0,2,Arsenal,0.7,2.3,51,"60,257",Lewis Dunk,4-2-3-1,Tim Robinson,Match Report,
2023-12-21,20:00,Matchweek 18,Thu,Away,D,1,1,Crystal Palace,1.2,1.3,65,"24,171",Lewis Dunk,4-2-3-1,John Brooks,Match Report,
2023-12-28,19:30,Matchweek 19,Thu,Home,W,4,2,Tottenham,3.2,2.3,45,"31,675",Lewis Dunk,4-1-2-1-2◆,Jarred Gillett,Match Report,
2024-01-02,19:30,Matchweek 20,Tue,Away,D,0,0,West Ham,2.3,0.7,68,"62,462",Pascal Groß,4-3-1-2,Samuel Barrott,Match Report,
2024-01-22,19:45,Matchweek 21,Mon,Home,D,0,0,Wolves,1.0,1.1,72,"41,505",Lewis Dunk,4-3-3,Craig Pawson,Match Report,
2024-01-30,19:45,Matchweek 22,Tue,Away,L,0,4,Luton Town,0.9,3.1,59,"10,994",Lewis Dunk,3-4-3,Robert Jones,Match Report,
2024-02-03,15:00,Matchweek 23,Sat,Home,W,4,1,Crystal Palace,1.4,0.3,68,"31,345",Lewis Dunk,3-4-3,Simon Hooper,Match Report,
2024-02-10,15:00,Matchweek 24,Sat,Away,L,1,2,Tottenham,1.2,1.6,48,"61,445",Lewis Dunk,4-2-3-1,Samuel Barrott,Match Report,
2024-02-18,14:00,Matchweek 25,Sun,Away,W,5,0,Sheffield Utd,2.9,0.6,79,"29,522",Lewis Dunk,4-2-3-1,Stuart Attwell,Match Report,
2024-02-24,15:00,Matchweek 26,Sat,Home,D,1,1,Everton,1.4,0.3,64,"41,646",Lewis Dunk,4-2-3-1,Tony Harrington,Match Report,
2024-03-02,15:00,Matchweek 27,Sat,Away,L,0,3,Fulham,1.3,1.3,70,"24,460",Lewis Dunk,3-4-3,Simon Hooper,Match Report,
2024-03-10,14:00,Matchweek 28,Sun,Home,W,1,0,Nott'ham Forest,0.4,0.7,63,"31,505",Lewis Dunk,4-2-3-1,Michael Salisbury,Match Report,
2024-03-31,14:00,Matchweek 30,Sun,Away,L,1,2,Liverpool,0.5,2.8,45,"60,061",Lewis Dunk,4-2-3-1,David Coote,Match Report,
2024-04-03,19:30,Matchweek 31,Wed,Away,D,0,0,Brentford,1.1,0.6,66,"17,024",Lewis Dunk,4-2-3-1,Andy Madley,Match Report,
2024-04-06,17:30,Matchweek 32,Sat,Home,L,0,3,Arsenal,0.5,3.4,54,"31,677",Lewis Dunk,4-2-3-1,John Brooks,Match Report,
2024-04-13,15:00,Matchweek 33,Sat,Away,D,1,1,Burnley,0.9,1.7,56,"20,687",Lewis Dunk,4-2-3-1,Simon Hooper,Match Report,
2024-04-25,20:00,Matchweek 29,Thu,Home,L,0,4,Manchester City,0.6,1.4,36,"31,596",Lewis Dunk,4-2-3-1,Jarred Gillett,Match Report,
2024-04-28,14:00,Matchweek 35,Sun,Away,L,0,3,Bournemouth,0.9,1.9,69,"11,188",Lewis Dunk,4-2-3-1,Paul Tierney,Match Report,
2024-05-05,14:00,Matchweek 36,Sun,Home,W,1,0,Aston Villa,2.5,0.1,52,"31,596",Lewis Dunk,4-2-3-1,Robert Jones,Match Report,
2024-05-11,15:00,Matchweek 37,Sat,Away,D,1,1,Newcastle Utd,1.4,2.2,43,"51,997",Lewis Dunk,4-2-3-1,Darren England,Match Report,
2024-05-15,19:45,Matchweek 34,Wed,Home,L,1,2,Chelsea,1.3,1.5,55,"31,555",Lewis Dunk,4-2-3-1,Michael Salisbury,Match Report,
2024-05-19,16:00,Matchweek 38,Sun,Home,L,0,2,Manchester Utd,1.7,1.3,55,"31,662",Adam Lallana,4-2-3-1,Craig Pawson,Match Report,
2023-08-12,15:00,Matchweek 1,Sat,Home,D,1,1,West Ham,1.3,1.1,62,"11,245",Neto,4-2-3-1,Peter Bankes,Match Report,
2023-08-19,15:00,Matchweek 2,Sat,Away,L,1,3,Liverpool,1.3,3.0,36,"53,145",Neto,4-2-3-1,Thomas Bramall,Match Report,
2023-08-26,12:30,Matchweek 3,Sat,Home,L,0,2,Tottenham,0.7,2.1,44,"10,567",Neto,4-2-3-1,Tim Robinson,Match Report,
2023-09-02,15:00,Matchweek 4,Sat,Away,D,2,2,Brentford,2.1,2.9,40,"16,973",Neto,4-2-3-1,Robert Madley,Match Report,
2023-09-17,14:00,Matchweek 5,Sun,Home,D,0,0,Chelsea,1.0,1.8,36,"10,421",Neto,4-2-3-1,David Coote,Match Report,
2023-09-24,14:00,Matchweek 6,Sun,Away,L,1,3,Brighton,1.1,1.9,39,"31,617",Neto,4-2-3-1,John Brooks,Match Report,
2023-09-30,15:00,Matchweek 7,Sat,Home,L,0,4,Arsenal,0.6,3.4,43,"11,193",Neto,4-2-3-1,Michael Salisbury,Match Report,
2023-10-07,15:00,Matchweek 8,Sat,Away,L,0,3,Everton,0.7,2.4,52,"38,815",Neto,4-2-3-1,David Coote,Match Report,
2023-10-21,15:00,Matchweek 9,Sat,Home,L,1,2,Wolves,0.6,2.4,35,"11,175",Neto,4-2-3-1,Paul Tierney,Match Report,
2023-10-28,15:00,Matchweek 10,Sat,Home,W,2,1,Burnley,1.1,0.8,45,"11,152",Lloyd Kelly,4-2-3-1,Samuel Barrott,Match Report,
2023-11-04,15:00,Matchweek 11,Sat,Away,L,1,6,Manchester City,0.9,1.9,35,"53,358",Lloyd Kelly,5-4-1,Craig Pawson,Match Report,
2023-11-11,17:30,Matchweek 12,Sat,Home,W,2,0,Newcastle Utd,2.4,0.5,48,"11,201",Neto,4-2-3-1,Chris Kavanagh,Match Report,
2023-11-25,15:00,Matchweek 13,Sat,Away,W,3,1,Sheffield Utd,2.9,0.8,54,"30,208",Neto,4-2-3-1,Andy Madley,Match Report,
2023-12-03,14:00,Matchweek 14,Sun,Home,D,2,2,Aston Villa,2.0,0.7,38,"11,191",Neto,4-2-3-1,Thomas Bramall,Match Report,
2023-12-06,19:30,Matchweek 15,Wed,Away,W,2,0,Crystal Palace,1.8,1.0,41,"25,078",Neto,4-2-3-1,Craig Pawson,Match Report,
2023-12-09,15:00,Matchweek 16,Sat,Away,W,3,0,Manchester Utd,1.5,1.1,32,"73,427",Neto,4-2-3-1,Peter Bankes,Match Report,
2023-12-23,15:00,Matchweek 18,Sat,Away,W,3,2,Nott'ham Forest,1.6,1.0,66,"29,188",Neto,4-2-3-1,Robert Jones,Match Report,
2023-12-26,15:00,Matchweek 19,Tue,Home,W,3,0,Fulham,1.8,0.3,43,"11,099",Neto,4-2-3-1,Tim Robinson,Match Report,
2023-12-31,14:00,Matchweek 20,Sun,Away,L,1,3,Tottenham,1.7,2.3,50,"61,780",Neto,4-2-3-1,Simon Hooper,Match Report,
2024-01-21,16:30,Matchweek 21,Sun,Home,L,0,4,Liverpool,1.4,1.5,40,"11,228",Neto,4-2-3-1,Andy Madley,Match Report,
2024-02-01,19:30,Matchweek 22,Thu,Away,D,1,1,West Ham,1.2,1.4,52,"62,478",Neto,4-2-3-1,Tim Robinson,Match Report,
2024-02-04,14:00,Matchweek 23,Sun,Home,D,1,1,Nott'ham Forest,1.3,0.5,45,"11,200",Neto,4-2-3-1,Rebecca Welch,Match Report,
2024-02-10,15:00,Matchweek 24,Sat,Away,L,1,3,Fulham,1.8,1.6,51,"24,271",Neto,4-2-3-1,Darren England,Match Report,
2024-02-17,15:00,Matchweek 25,Sat,Away,D,2,2,Newcastle Utd,2.2,2.2,38,"52,224",Neto,4-2-3-1,Michael Salisbury,Match Report,
2024-02-24,17:30,Matchweek 26,Sat,Home,L,0,1,Manchester City,0.9,1.6,38,"11,184",Neto,4-2-3-1,Jarred Gillett,Match Report,
2024-03-03,13:00,Matchweek 27,Sun,Away,W,2,0,Burnley,1.1,1.5,26,"19,713",Neto,4-2-3-1,David Coote,Match Report,
2024-03-09,15:00,Matchweek 28,Sat,Home,D,2,2,Sheffield Utd,3.3,1.2,69,"11,074",Neto,4-2-3-1,Anthony Taylor,Match Report,
2024-03-13,19:30,Matchweek 17,Wed,Home,W,4,3,Luton Town,2.3,2.0,59,"11,198",Neto,4-2-3-1,Samuel Allison,Match Report,
2024-03-30,15:00,Matchweek 30,Sat,Home,W,2,1,Everton,1.3,1.0,48,"11,207",Neto,4-2-3-1,Samuel Barrott,Match Report,
2024-04-02,19:45,Matchweek 31,Tue,Home,W,1,0,Crystal Palace,1.1,0.2,50,"11,058",Neto,4-3-3,Graham Scott,Match Report,
2024-04-06,15:00,Matchweek 32,Sat,Away,L,1,2,Luton Town,0.4,1.5,45,"11,797",Neto,4-2-3-1,Andy Madley,Match Report,
2024-04-13,17:30,Matchweek 33,Sat,Home,D,2,2,Manchester Utd,1.6,1.2,43,"11,229",Neto,4-2-3-1,Tony Harrington,Match Report,
2024-04-21,15:00,Matchweek 34,Sun,Away,L,1,3,Aston Villa,1.8,2.4,44,"42,189",Neto,4-2-3-1,Tim Robinson,Match Report,
2024-04-24,19:45,Matchweek 29,Wed,Away,W,1,0,Wolves,1.9,0.5,37,"25,541",Adam Smith,4-2-3-1,Stuart Attwell,Match Report,
2024-04-28,14:00,Matchweek 35,Sun,Home,W,3,0,Brighton,1.9,0.9,31,"11,188",Adam Smith,4-4-2,Paul Tierney,Match Report,
2024-05-04,12:30,Matchweek 36,Sat,Away,L,0,3,Arsenal,0.5,3.3,45,"60,348",Adam Smith,4-3-3,David Coote,Match Report,
2024-05-11,15:00,Matchweek 37,Sat,Home,L,1,2,Brentford,0.7,1.1,48,"11,154",Adam Smith,4-2-3-1,Matt Donohue,Match Report,
2024-05-19,16:00,Matchweek 38,Sun,Away,L,1,2,Chelsea,2.2,1.1,39,"39,724",Neto,4-2-3-1,Anthony Taylor,Match Report,
2023-08-12,15:00,Matchweek 1,Sat,Away,W,1,0,Everton,1.5,2.7,58,"39,940",Tom Cairney,4-3-3,Stuart Attwell,Match Report,
2023-08-19,15:00,Matchweek 2,Sat,Home,L,0,3,Brentford,0.5,3.7,55,"24,236",Tim Ream,4-3-3,Darren Bond,Match Report,
2023-08-26,15:00,Matchweek 3,Sat,Away,D,2,2,Arsenal,0.6,3.2,29,"59,961",Bobby Reid,4-3-3,Paul Tierney,Match Report,
2023-09-02,15:00,Matchweek 4,Sat,Away,L,1,5,Manchester City,1.4,2.2,32,"52,899",Tom Cairney,4-3-3,Michael Oliver,Match Report,
2023-09-16,15:00,Matchweek 5,Sat,Home,W,1,0,Luton Town,1.0,1.1,77,"24,467",Tim Ream,4-3-3,Michael Salisbury,Match Report,
2023-09-23,15:00,Matchweek 6,Sat,Away,D,0,0,Crystal Palace,0.6,0.3,49,"25,072",Tim Ream,4-3-3,Paul Tierney,Match Report,
2023-10-02,20:00,Matchweek 7,Mon,Home,L,0,2,Chelsea,1.1,1.7,56,"24,445",Tim Ream,4-3-3,Tim Robinson,Match Report,
2023-10-07,15:00,Matchweek 8,Sat,Home,W,3,1,Sheffield Utd,2.2,0.6,60,"24,361",Tim Ream,4-3-3,Samuel Barrott,Match Report,
2023-10-23,20:00,Matchweek 9,Mon,Away,L,0,2,Tottenham,1.0,1.5,45,"61,286",Tim Ream,4-2-3-1,Anthony Taylor,Match Report,
2023-10-29,14:00,Matchweek 10,Sun,Away,D,1,1,Brighton,0.7,1.4,29,"31,550",Tim Ream,4-2-3-1,Michael Salisbury,Match Report,
2023-11-04,12:30,Matchweek 11,Sat,Home,L,0,1,Manchester Utd,1.0,0.7,45,"24,415",Tim Ream,4-2-3-1,John Brooks,Match Report,
2023-11-12,14:00,Matchweek 12,Sun,Away,L,1,3,Aston Villa,0.9,3.0,49,"41,608",Tim Ream,4-2-3-1,Simon Hooper,Match Report,
2023-11-27,20:00,Matchweek 13,Mon,Home,W,3,2,Wolves,2.9,1.4,60,"24,366",Tom Cairney,4-2-3-1,Michael Salisbury,Match Report,
2023-12-03,14:00,Matchweek 14,Sun,Away,L,3,4,Liverpool,1.2,2.1,39,"50,124",Tim Ream,4-2-3-1,Stuart Attwell,Match Report,
2023-12-06,19:30,Matchweek 15,Wed,Home,W,5,0,Nott'ham Forest,2.5,0.3,63,"24,105",Tom Cairney,4-2-3-1,Joshua Smith,Match Report,
2023-12-10,14:00,Matchweek 16,Sun,Home,W,5,0,West Ham,2.3,1.3,63,"23,988",Tom Cairney,4-2-3-1,Paul Tierney,Match Report,
2023-12-16,15:00,Matchweek 17,Sat,Away,L,0,3,Newcastle Utd,0.3,3.5,30,"52,055",Tom Cairney,4-2-3-1,Samuel Barrott,Match Report,
2023-12-23,15:00,Matchweek 18,Sat,Home,L,0,2,Burnley,1.3,0.4,66,"23,598",Tom Cairney,4-2-3-1,Rebecca Welch,Match Report,
2023-12-26,15:00,Matchweek 19,Tue,Away,L,0,3,Bournemouth,0.3,1.8,57,"11,099",Tom Cairney,4-2-3-1,Tim Robinson,Match Report,
2023-12-31,14:00,Matchweek 20,Sun,Home,W,2,1,Arsenal,1.2,1.6,40,"24,444",Tom Cairney,4-2-3-1,Joshua Smith,Match Report,
2024-01-13,12:30,Matchweek 21,Sat,Away,L,0,1,Chelsea,0.8,2.2,45,"39,643",Tom Cairney,4-2-3-1,Anthony Taylor,Match Report,
2024-01-30,19:45,Matchweek 22,Tue,Home,D,0,0,Everton,1.6,1.9,70,"24,376",Tom Cairney,4-2-3-1,Thomas Bramall,Match Report,
2024-02-03,15:00,Matchweek 23,Sat,Away,D,2,2,Burnley,1.5,1.8,56,"20,203",Tim Ream,4-2-3-1,Darren Bond,Match Report,
2024-02-10,15:00,Matchweek 24,Sat,Home,W,3,1,Bournemouth,1.6,1.8,49,"24,271",Tom Cairney,4-2-3-1,Darren England,Match Report,
2024-02-17,15:00,Matchweek 25,Sat,Home,L,1,2,Aston Villa,1.5,1.5,52,"24,401",Tom Cairney,4-2-3-1,Lewis Smith,Match Report,
2024-02-24,15:00,Matchweek 26,Sat,Away,W,2,1,Manchester Utd,1.2,1.7,43,"73,487",Harrison Reed,4-2-3-1,Michael Oliver,Match Report,
2024-03-02,15:00,Matchweek 27,Sat,Home,W,3,0,Brighton,1.3,1.3,30,"24,460",Harrison Reed,4-2-3-1,Simon Hooper,Match Report,
2024-03-09,15:00,Matchweek 28,Sat,Away,L,1,2,Wolves,2.6,0.8,52,"30,860",Harrison Reed,4-2-3-1,Tony Harrington,Match Report,
2024-03-16,17:30,Matchweek 29,Sat,Home,W,3,0,Tottenham,2.6,2.4,43,"24,410",Bernd Leno,4-2-3-1,Robert Jones,Match Report,
2024-03-30,15:00,Matchweek 30,Sat,Away,D,3,3,Sheffield Utd,1.3,1.9,73,"30,010",Bernd Leno,4-2-3-1,Tim Robinson,Match Report,
2024-04-02,19:30,Matchweek 31,Tue,Away,L,1,3,Nott'ham Forest,1.5,1.5,66,"28,997",Bernd Leno,4-2-3-1,Michael Oliver,Match Report,
2024-04-06,15:00,Matchweek 32,Sat,Home,L,0,1,Newcastle Utd,1.2,1.0,66,"24,418",Tom Cairney,4-2-3-1,Samuel Allison,Match Report,
2024-04-14,14:00,Matchweek 33,Sun,Away,W,2,0,West Ham,3.2,0.9,42,"62,459",Bernd Leno,4-2-3-1,Stuart Attwell,Match Report,
2024-04-21,16:30,Matchweek 34,Sun,Home,L,1,3,Liverpool,0.8,1.0,40,"24,414",Bobby Reid,4-2-3-1,Craig Pawson,Match Report,
2024-04-27,15:00,Matchweek 35,Sat,Home,D,1,1,Crystal Palace,1.1,1.0,53,"24,142",Harrison Reed,4-2-3-1,Stuart Attwell,Match Report,
2024-05-04,15:00,Matchweek 36,Sat,Away,D,0,0,Brentford,1.3,0.6,46,"17,090",Bernd Leno,4-2-3-1,Graham Scott,Match Report,
2024-05-11,12:30,Matchweek 37,Sat,Home,L,0,4,Manchester City,0.1,3.2,36,"24,418",Bobby Reid,4-2-3-1,Anthony Taylor,Match Report,
2024-05-19,16:00,Matchweek 38,Sun,Away,W,4,2,Luton Town,1.1,2.0,59,"12,027",Tim Ream,4-2-3-1,Matt Donohue,Match Report,
2023-08-14,20:00,Matchweek 1,Mon,Away,L,0,1,Manchester Utd,2.2,2.2,49,"73,358",Max Kilman,4-4-2,Simon Hooper,Match Report,
2023-08-19,15:00,Matchweek 2,Sat,Home,L,1,4,Brighton,2.1,2.2,47,"31,317",Max Kilman,4-4-1-1,Andy Madley,Match Report,
2023-08-26,15:00,Matchweek 3,Sat,Away,W,1,0,Everton,1.1,1.3,53,"38,851",Max Kilman,4-4-1-1,Craig Pawson,Match Report,
2023-09-03,14:00,Matchweek 4,Sun,Away,L,2,3,Crystal Palace,1.2,2.1,57,"24,741",Max Kilman,4-4-2,Robert Jones,Match Report,
2023-09-16,12:30,Matchweek 5,Sat,Home,L,1,3,Liverpool,0.6,2.5,35,"31,257",Max Kilman,4-2-3-1,Michael Oliver,Match Report,
2023-09-23,15:00,Matchweek 6,Sat,Away,D,1,1,Luton Town,0.6,2.1,43,"10,893",Max Kilman,4-2-3-1,Joshua Smith,Match Report,
2023-09-30,15:00,Matchweek 7,Sat,Home,W,2,1,Manchester City,0.4,0.9,32,"31,415",Max Kilman,3-4-3,Craig Pawson,Match Report,
2023-10-08,14:00,Matchweek 8,Sun,Home,D,1,1,Aston Villa,1.7,1.6,47,"31,425",Max Kilman,3-4-3,Robert Jones,Match Report,
2023-10-21,15:00,Matchweek 9,Sat,Away,W,2,1,Bournemouth,2.4,0.6,65,"11,175",Max Kilman,3-4-3,Paul Tierney,Match Report,
2023-10-28,17:30,Matchweek 10,Sat,Home,D,2,2,Newcastle Utd,0.9,2.2,43,"31,584",Max Kilman,4-4-2,Anthony Taylor,Match Report,
2023-11-04,15:00,Matchweek 11,Sat,Away,L,1,2,Sheffield Utd,1.2,1.0,61,"29,454",Max Kilman,4-4-1-1,Robert Jones,Match Report,
2023-11-11,12:30,Matchweek 12,Sat,Home,W,2,1,Tottenham,2.1,0.7,42,"31,642",Max Kilman,3-5-2,Tim Robinson,Match Report,
2023-11-27,20:00,Matchweek 13,Mon,Away,L,2,3,Fulham,1.4,2.9,40,"24,366",Max Kilman,3-5-2,Michael Salisbury,Match Report,
2023-12-02,15:00,Matchweek 14,Sat,Away,L,1,2,Arsenal,0.7,2.8,43,"60,262",Max Kilman,3-5-2,Peter Bankes,Match Report,
2023-12-05,19:30,Matchweek 15,Tue,Home,W,1,0,Burnley,0.8,0.9,51,"30,439",Max Kilman,3-4-3,Jarred Gillett,Match Report,
2023-12-09,15:00,Matchweek 16,Sat,Home,D,1,1,Nott'ham Forest,1.2,1.3,68,"31,543",Max Kilman,3-4-3,Samuel Barrott,Match Report,
2023-12-17,14:00,Matchweek 17,Sun,Away,L,0,3,West Ham,0.7,1.1,55,"62,455",Max Kilman,3-4-3,Chris Kavanagh,Match Report,
2023-12-24,13:00,Matchweek 18,Sun,Home,W,2,1,Chelsea,1.3,2.0,32,"31,641",Max Kilman,3-4-3,David Coote,Match Report,
2023-12-27,19:30,Matchweek 19,Wed,Away,W,4,1,Brentford,2.4,2.2,40,"17,109",Max Kilman,3-4-3,Andy Madley,Match Report,
2023-12-30,15:00,Matchweek 20,Sat,Home,W,3,0,Everton,1.9,0.4,53,"31,639",Max Kilman,3-4-3,Thomas Bramall,Match Report,
2024-01-22,19:45,Matchweek 21,Mon,Away,D,0,0,Brighton,1.1,1.0,28,"41,505",Max Kilman,3-4-3,Craig Pawson,Match Report,
2024-02-01,20:15,Matchweek 22,Thu,Home,L,3,4,Manchester Utd,2.1,3.3,53,"31,641",Max Kilman,3-4-3,Jarred Gillett,Match Report,
2024-02-04,14:00,Matchweek 23,Sun,Away,W,4,2,Chelsea,2.0,1.7,36,"39,628",Max Kilman,3-4-3,Tim Robinson,Match Report,
2024-02-10,15:00,Matchweek 24,Sat,Home,L,0,2,Brentford,1.0,1.9,71,"30,731",Max Kilman,3-4-3,Simon Hooper,Match Report,
2024-02-17,15:00,Matchweek 25,Sat,Away,W,2,1,Tottenham,1.8,1.6,29,"61,532",José Sá,3-4-3,Anthony Taylor,Match Report,
2024-02-25,13:30,Matchweek 26,Sun,Home,W,1,0,Sheffield Utd,1.3,0.6,63,"30,789",Max Kilman,3-4-3,Darren Bond,Match Report,
2024-03-02,15:00,Matchweek 27,Sat,Away,L,0,3,Newcastle Utd,0.8,2.1,56,"52,206",Max Kilman,3-4-3,Tim Robinson,Match Report,
2024-03-09,15:00,Matchweek 28,Sat,Home,W,2,1,Fulham,0.8,2.6,48,"30,860",Max Kilman,4-2-3-1,Tony Harrington,Match Report,
2024-03-30,17:30,Matchweek 30,Sat,Away,L,0,2,Aston Villa,1.5,1.0,52,"42,640",Max Kilman,3-4-3,Paul Tierney,Match Report,
2024-04-02,19:45,Matchweek 31,Tue,Away,D,1,1,Burnley,0.9,1.3,49,"21,528",Max Kilman,4-4-1-1,Thomas Bramall,Match Report,
2024-04-06,15:00,Matchweek 32,Sat,Home,L,1,2,West Ham,1.5,1.2,58,"31,504",Max Kilman,3-4-3,Tony Harrington,Match Report,
2024-04-13,15:00,Matchweek 33,Sat,Away,D,2,2,Nott'ham Forest,1.0,1.9,54,"29,604",Max Kilman,3-4-1-2,Craig Pawson,Match Report,
2024-04-20,19:30,Matchweek 34,Sat,Home,L,0,2,Arsenal,0.2,1.2,46,"31,621",Max Kilman,4-4-2,Paul Tierney,Match Report,
2024-04-24,19:45,Matchweek 29,Wed,Home,L,0,1,Bournemouth,0.5,1.9,63,"25,541",Max Kilman,4-1-4-1,Stuart Attwell,Match Report,
2024-04-27,15:00,Matchweek 35,Sat,Home,W,2,1,Luton Town,1.2,0.6,58,"31,531",Max Kilman,3-5-1-1,David Coote,Match Report,
2024-05-04,17:30,Matchweek 36,Sat,Away,L,1,5,Manchester City,0.3,3.7,42,"52,439",Max Kilman,3-5-2,Craig Pawson,Match Report,
2024-05-11,15:00,Matchweek 37,Sat,Home,L,1,3,Crystal Palace,1.6,2.6,62,"31,424",Max Kilman,3-5-1-1,Thomas Bramall,Match Report,
2024-05-19,16:00,Matchweek 38,Sun,Away,L,0,2,Liverpool,0.5,4.5,33,"60,059",Max Kilman,3-5-1-1,Chris Kavanagh,Match Report,
2023-08-12,15:00,Matchweek 1,Sat,Home,L,0,1,Fulham,2.7,1.5,42,"39,940",James Tarkowski,4-4-1-1,Stuart Attwell,Match Report,
2023-08-20,14:00,Matchweek 2,Sun,Away,L,0,4,Aston Villa,0.6,2.9,40,"41,694",James Tarkowski,4-1-4-1,Anthony Taylor,Match Report,
2023-08-26,15:00,Matchweek 3,Sat,Home,L,0,1,Wolves,1.3,1.1,47,"38,851",James Tarkowski,4-1-4-1,Craig Pawson,Match Report,
2023-09-02,12:30,Matchweek 4,Sat,Away,D,2,2,Sheffield Utd,2.5,1.2,54,"31,124",James Tarkowski,4-4-1-1,Andy Madley,Match Report,
2023-09-17,16:30,Matchweek 5,Sun,Home,L,0,1,Arsenal,0.3,1.0,26,"39,217",James Tarkowski,4-5-1,Simon Hooper,Match Report,
2023-09-23,17:30,Matchweek 6,Sat,Away,W,3,1,Brentford,1.9,1.0,43,"16,981",James Tarkowski,4-4-1-1,Michael Oliver,Match Report,
2023-09-30,15:00,Matchweek 7,Sat,Home,L,1,2,Luton Town,2.9,0.9,67,"39,289",James Tarkowski,4-4-1-1,Anthony Taylor,Match Report,
2023-10-07,15:00,Matchweek 8,Sat,Home,W,3,0,Bournemouth,2.4,0.7,48,"38,815",James Tarkowski,4-4-1-1,David Coote,Match Report,
2023-10-21,12:30,Matchweek 9,Sat,Away,L,0,2,Liverpool,0.1,2.2,23,"50,201",James Tarkowski,4-4-1-1,Craig Pawson,Match Report,
2023-10-29,13:00,Matchweek 10,Sun,Away,W,1,0,West Ham,0.8,0.7,36,"62,469",James Tarkowski,4-4-1-1,Stuart Attwell,Match Report,
2023-11-04,15:00,Matchweek 11,Sat,Home,D,1,1,Brighton,0.7,0.5,21,"38,683",James Tarkowski,4-4-1-1,Tim Robinson,Match Report,
2023-11-11,15:00,Matchweek 12,Sat,Away,W,3,2,Crystal Palace,1.5,2.2,33,"25,103",James Tarkowski,4-4-1-1,Samuel Barrott,Match Report,
2023-11-26,16:30,Matchweek 13,Sun,Home,L,0,3,Manchester Utd,2.4,2.2,51,"39,257",James Tarkowski,4-4-1-1,John Brooks,Match Report,
2023-12-02,17:30,Matchweek 14,Sat,Away,W,1,0,Nott'ham Forest,0.7,0.7,39,"29,404",James Tarkowski,4-4-1-1,Paul Tierney,Match Report,
2023-12-07,19:30,Matchweek 15,Thu,Home,W,3,0,Newcastle Utd,3.3,1.5,38,"38,198",Séamus Coleman,4-4-1-1,Tim Robinson,Match Report,
2023-12-10,14:00,Matchweek 16,Sun,Home,W,2,0,Chelsea,1.2,0.9,29,"39,280",James Tarkowski,4-4-1-1,Michael Oliver,Match Report,
2023-12-16,17:30,Matchweek 17,Sat,Away,W,2,0,Burnley,1.4,0.7,39,"21,413",James Tarkowski,5-4-1,Anthony Taylor,Match Report,
2023-12-23,15:00,Matchweek 18,Sat,Away,L,1,2,Tottenham,1.8,1.5,39,"61,808",James Tarkowski,4-2-3-1,Stuart Attwell,Match Report,
2023-12-27,20:15,Matchweek 19,Wed,Home,L,1,3,Manchester City,1.0,2.4,28,"39,327",James Tarkowski,4-2-3-1,John Brooks,Match Report,
2023-12-30,15:00,Matchweek 20,Sat,Away,L,0,3,Wolves,0.4,1.9,47,"31,639",James Tarkowski,5-4-1,Thomas Bramall,Match Report,
2024-01-14,14:00,Matchweek 21,Sun,Home,D,0,0,Aston Villa,1.1,1.2,32,"39,284",Séamus Coleman,4-2-3-1,David Coote,Match Report,
2024-01-30,19:45,Matchweek 22,Tue,Away,D,0,0,Fulham,1.9,1.6,30,"24,376",James Tarkowski,4-4-1-1,Thomas Bramall,Match Report,
2024-02-03,12:30,Matchweek 23,Sat,Home,D,2,2,Tottenham,2.6,1.0,43,"39,321",James Tarkowski,4-4-1-1,Michael Oliver,Match Report,
2024-02-10,12:30,Matchweek 24,Sat,Away,L,0,2,Manchester City,0.3,1.6,28,"52,187",James Tarkowski,4-2-3-1,John Brooks,Match Report,
2024-02-19,20:00,Matchweek 25,Mon,Home,D,1,1,Crystal Palace,1.7,0.7,61,"38,164",James Tarkowski,4-4-1-1,Paul Tierney,Match Report,
2024-02-24,15:00,Matchweek 26,Sat,Away,D,1,1,Brighton,0.3,1.4,36,"41,646",James Tarkowski,4-4-1-1,Tony Harrington,Match Report,
2024-03-02,15:00,Matchweek 27,Sat,Home,L,1,3,West Ham,2.7,1.9,55,"39,262",James Tarkowski,4-4-1-1,Craig Pawson,Match Report,
2024-03-09,12:30,Matchweek 28,Sat,Away,L,0,2,Manchester Utd,1.6,2.7,49,"73,601",James Tarkowski,4-4-1-1,Simon Hooper,Match Report,
2024-03-30,15:00,Matchweek 30,Sat,Away,L,1,2,Bournemouth,1.0,1.3,52,"11,207",Séamus Coleman,4-4-1-1,Samuel Barrott,Match Report,
2024-04-02,19:30,Matchweek 31,Tue,Away,D,1,1,Newcastle Utd,1.4,2.4,43,"52,135",James Tarkowski,4-4-1-1,Tony Harrington,Match Report,
2024-04-06,15:00,Matchweek 32,Sat,Home,W,1,0,Burnley,0.9,0.5,38,"39,125",Séamus Coleman,4-4-1-1,Michael Oliver,Match Report,
2024-04-15,20:00,Matchweek 33,Mon,Away,L,0,6,Chelsea,1.5,3.1,42,"39,392",Séamus Coleman,4-4-1-1,Paul Tierney,Match Report,
2024-04-21,13:30,Matchweek 34,Sun,Home,W,2,0,Nott'ham Forest,0.3,0.9,41,"39,239",James Tarkowski,4-1-4-1,Anthony Taylor,Match Report,
2024-04-24,20:00,Matchweek 29,Wed,Home,W,2,0,Liverpool,1.2,2.1,25,"38,222",James Tarkowski,4-4-1-1,Andy Madley,Match Report,
2024-04-27,17:30,Matchweek 35,Sat,Home,W,1,0,Brentford,0.8,0.9,48,"39,098",James Tarkowski,4-4-1-1,Darren England,Match Report,
2024-05-03,20:00,Matchweek 36,Fri,Away,D,1,1,Luton Town,1.4,0.8,49,"11,873",James Tarkowski,4-4-1-1,Tim Robinson,Match Report,
2024-05-11,15:00,Matchweek 37,Sat,Home,W,1,0,Sheffield Utd,2.3,0.6,58,"39,221",Séamus Coleman,4-4-1-1,Stuart Attwell,Match Report,
2024-05-19,16:00,Matchweek 38,Sun,Away,L,1,2,Arsenal,0.6,2.9,32,"60,312",Séamus Coleman,4-4-1-1,Michael Oliver,Match Report,
2023-08-13,14:00,Matchweek 1,Sun,Home,D,2,2,Tottenham,2.2,1.3,31,"17,066",Christian Nørgaard,5-3-2,Robert Jones,Match Report,
2023-08-19,15:00,Matchweek 2,Sat,Away,W,3,0,Fulham,3.7,0.5,45,"24,236",Christian Nørgaard,4-3-3,Darren Bond,Match Report,
2023-08-26,15:00,Matchweek 3,Sat,Home,D,1,1,Crystal Palace,1.0,0.8,60,"16,997",Christian Nørgaard,4-3-3,Peter Bankes,Match Report,
2023-09-02,15:00,Matchweek 4,Sat,Home,D,2,2,Bournemouth,2.9,2.1,60,"16,973",Christian Nørgaard,4-3-3,Robert Madley,Match Report,
2023-09-16,17:30,Matchweek 5,Sat,Away,L,0,1,Newcastle Utd,0.5,1.4,44,"51,670",Christian Nørgaard,5-3-2,Craig Pawson,Match Report,
2023-09-23,17:30,Matchweek 6,Sat,Home,L,1,3,Everton,1.0,1.9,57,"16,981",Christian Nørgaard,4-3-3,Michael Oliver,Match Report,
2023-10-01,14:00,Matchweek 7,Sun,Away,D,1,1,Nott'ham Forest,1.6,0.5,59,"29,004",Christian Nørgaard,4-3-3,Paul Tierney,Match Report,
2023-10-07,15:00,Matchweek 8,Sat,Away,L,1,2,Manchester Utd,0.9,1.4,36,"73,453",Christian Nørgaard,3-5-2,Andy Madley,Match Report,
2023-10-21,15:00,Matchweek 9,Sat,Home,W,3,0,Burnley,3.1,1.1,50,"17,029",Christian Nørgaard,4-3-3,Joshua Smith,Match Report,
2023-10-28,12:30,Matchweek 10,Sat,Away,W,2,0,Chelsea,2.2,1.9,32,"39,575",Christian Nørgaard,3-5-2,Simon Hooper,Match Report,
2023-11-04,15:00,Matchweek 11,Sat,Home,W,3,2,West Ham,1.5,1.8,58,"17,103",Christian Nørgaard,4-3-3,Thomas Bramall,Match Report,
2023-11-12,14:00,Matchweek 12,Sun,Away,L,0,3,Liverpool,1.6,1.7,42,"50,151",Christian Nørgaard,5-3-2,Paul Tierney,Match Report,
2023-11-25,17:30,Matchweek 13,Sat,Home,L,0,1,Arsenal,1.1,1.6,37,"17,201",Christian Nørgaard,5-3-2,Tim Robinson,Match Report,
2023-12-02,15:00,Matchweek 14,Sat,Home,W,3,1,Luton Town,3.1,0.2,68,"17,075",Christian Nørgaard,4-3-3,Anthony Taylor,Match Report,
2023-12-06,19:30,Matchweek 15,Wed,Away,L,1,2,Brighton,1.5,1.5,39,"31,571",Vitaly Janelt,4-4-2,Peter Bankes,Match Report,
2023-12-09,15:00,Matchweek 16,Sat,Away,L,0,1,Sheffield Utd,0.6,0.8,59,"28,509",Christian Nørgaard,4-3-3,Stuart Attwell,Match Report,
2023-12-17,14:00,Matchweek 17,Sun,Home,L,1,2,Aston Villa,0.5,1.4,34,"17,034",Christian Nørgaard,3-5-2,David Coote,Match Report,
2023-12-27,19:30,Matchweek 19,Wed,Home,L,1,4,Wolves,2.2,2.4,60,"17,109",Christian Nørgaard,4-3-3,Andy Madley,Match Report,
2023-12-30,15:00,Matchweek 20,Sat,Away,L,1,3,Crystal Palace,1.4,1.0,54,"25,472",Christian Nørgaard,3-5-2,Robert Jones,Match Report,
2024-01-20,17:30,Matchweek 21,Sat,Home,W,3,2,Nott'ham Forest,1.2,1.2,48,"17,077",Ivan Toney,3-5-2,Darren England,Match Report,
2024-01-31,19:30,Matchweek 22,Wed,Away,L,2,3,Tottenham,1.6,2.9,33,"61,210",Christian Nørgaard,3-5-2,David Coote,Match Report,
2024-02-05,20:00,Matchweek 23,Mon,Home,L,1,3,Manchester City,1.0,2.1,28,"17,096",Christian Nørgaard,3-5-2,Jarred Gillett,Match Report,
2024-02-10,15:00,Matchweek 24,Sat,Away,W,2,0,Wolves,1.9,1.0,29,"30,731",Christian Nørgaard,3-5-2,Simon Hooper,Match Report,
2024-02-17,12:30,Matchweek 25,Sat,Home,L,1,4,Liverpool,1.6,2.8,38,"17,193",Christian Nørgaard,3-5-2,Michael Oliver,Match Report,
2024-02-20,19:30,Matchweek 18,Tue,Away,L,0,1,Manchester City,0.4,2.3,30,"52,247",Christian Nørgaard,3-5-2,Darren England,Match Report,
2024-02-26,20:00,Matchweek 26,Mon,Away,L,2,4,West Ham,0.9,1.7,59,"62,450",Christian Nørgaard,3-5-2,Simon Hooper,Match Report,
2024-03-02,15:00,Matchweek 27,Sat,Home,D,2,2,Chelsea,1.8,1.8,33,"17,140",Christian Nørgaard,3-5-2,Jarred Gillett,Match Report,
2024-03-09,17:30,Matchweek 28,Sat,Away,L,1,2,Arsenal,1.0,1.3,29,"60,331",Christian Nørgaard,3-5-2,Robert Jones,Match Report,
2024-03-16,15:00,Matchweek 29,Sat,Away,L,1,2,Burnley,1.1,2.8,40,"20,431",Ivan Toney,3-5-2,Darren Bond,Match Report,
2024-03-30,20:00,Matchweek 30,Sat,Home,D,1,1,Manchester Utd,3.2,0.6,47,"17,138",Ivan Toney,3-5-2,Simon Hooper,Match Report,
2024-04-03,19:30,Matchweek 31,Wed,Home,D,0,0,Brighton,0.6,1.1,34,"17,024",Ivan Toney,3-5-2,Andy Madley,Match Report,
2024-04-06,15:00,Matchweek 32,Sat,Away,D,3,3,Aston Villa,1.5,1.5,31,"42,118",Mathias Jensen,3-5-2,Michael Salisbury,Match Report,
2024-04-13,15:00,Matchweek 33,Sat,Home,W,2,0,Sheffield Utd,1.0,0.8,53,"17,115",Mathias Jensen,4-3-3,Samuel Barrott,Match Report,
2024-04-20,15:00,Matchweek 34,Sat,Away,W,5,1,Luton Town,3.1,0.6,47,"11,877",Mathias Jensen,4-3-3,Jarred Gillett,Match Report,
2024-04-27,17:30,Matchweek 35,Sat,Away,L,0,1,Everton,0.9,0.8,52,"39,098",Christian Nørgaard,4-3-3,Darren England,Match Report,
2024-05-04,15:00,Matchweek 36,Sat,Home,D,0,0,Fulham,0.6,1.3,54,"17,090",Christian Nørgaard,4-3-3,Graham Scott,Match Report,
2024-05-11,15:00,Matchweek 37,Sat,Away,W,2,1,Bournemouth,1.1,0.7,52,"11,154",Christian Nørgaard,4-3-3,Matt Donohue,Match Report,
2024-05-19,16:00,Matchweek 38,Sun,Home,L,2,4,Newcastle Utd,1.1,3.4,54,"17,124",Christian Nørgaard,4-3-3,Simon Hooper,Match Report,
2023-08-12,12:30,Matchweek 1,Sat,Away,L,1,2,Arsenal,1.2,0.8,22,"59,984",Joe Worrall,3-4-3,Michael Oliver,Match Report,
2023-08-18,19:45,Matchweek 2,Fri,Home,W,2,1,Sheffield Utd,1.4,0.5,50,"29,432",Joe Worrall,3-4-3,Peter Bankes,Match Report,
2023-08-26,15:00,Matchweek 3,Sat,Away,L,2,3,Manchester Utd,1.2,2.8,34,"73,595",Joe Worrall,3-4-3,Stuart Attwell,Match Report,
2023-09-02,15:00,Matchweek 4,Sat,Away,W,1,0,Chelsea,0.8,2.3,25,"39,820",Joe Worrall,3-4-3,Tim Robinson,Match Report,
2023-09-18,19:45,Matchweek 5,Mon,Home,D,1,1,Burnley,0.7,0.5,46,"28,958",Joe Worrall,4-2-3-1,Robert Jones,Match Report,
2023-09-23,15:00,Matchweek 6,Sat,Away,L,0,2,Manchester City,1.0,1.3,43,"53,413",Serge Aurier,5-4-1,Anthony Taylor,Match Report,
2023-10-01,14:00,Matchweek 7,Sun,Home,D,1,1,Brentford,0.5,1.6,41,"29,004",Serge Aurier,4-3-3,Paul Tierney,Match Report,
2023-10-07,17:30,Matchweek 8,Sat,Away,D,0,0,Crystal Palace,1.0,0.8,48,"25,017",Serge Aurier,4-3-3,Craig Pawson,Match Report,
2023-10-21,15:00,Matchweek 9,Sat,Home,D,2,2,Luton Town,2.9,1.7,57,"29,361",Serge Aurier,4-3-3,Samuel Barrott,Match Report,
2023-10-29,14:00,Matchweek 10,Sun,Away,L,0,3,Liverpool,0.4,3.2,28,"50,143",Serge Aurier,5-4-1,Chris Kavanagh,Match Report,
2023-11-05,14:00,Matchweek 11,Sun,Home,W,2,0,Aston Villa,0.4,1.2,27,"29,313",Morgan Gibbs-White,4-3-3,Jarred Gillett,Match Report,
2023-11-12,14:00,Matchweek 12,Sun,Away,L,2,3,West Ham,1.7,1.8,46,"62,470",Morgan Gibbs-White,4-3-3,Michael Salisbury,Match Report,
2023-11-25,15:00,Matchweek 13,Sat,Home,L,2,3,Brighton,1.9,1.3,47,"29,404",Morgan Gibbs-White,4-1-4-1,Anthony Taylor,Match Report,
2023-12-02,17:30,Matchweek 14,Sat,Home,L,0,1,Everton,0.7,0.7,61,"29,404",Ryan Yates,4-3-3,Paul Tierney,Match Report,
2023-12-06,19:30,Matchweek 15,Wed,Away,L,0,5,Fulham,0.3,2.5,37,"24,105",Felipe,4-2-3-1,Joshua Smith,Match Report,
2023-12-09,15:00,Matchweek 16,Sat,Away,D,1,1,Wolves,1.3,1.2,32,"31,543",Ryan Yates,3-5-2,Samuel Barrott,Match Report,
2023-12-15,20:00,Matchweek 17,Fri,Home,L,0,2,Tottenham,1.3,1.5,34,"29,296",Ryan Yates,3-5-2,Jarred Gillett,Match Report,
2023-12-23,15:00,Matchweek 18,Sat,Home,L,2,3,Bournemouth,1.0,1.6,34,"29,188",Ryan Yates,4-2-3-1,Robert Jones,Match Report,
2023-12-26,12:30,Matchweek 19,Tue,Away,W,3,1,Newcastle Utd,3.5,2.4,38,"52,207",Morgan Gibbs-White,4-2-3-1,Chris Kavanagh,Match Report,
2023-12-30,17:30,Matchweek 20,Sat,Home,W,2,1,Manchester Utd,0.7,0.8,44,"29,529",Ryan Yates,4-2-3-1,Tim Robinson,Match Report,
2024-01-20,17:30,Matchweek 21,Sat,Away,L,2,3,Brentford,1.2,1.2,52,"17,077",Ryan Yates,4-2-3-1,Darren England,Match Report,
2024-01-30,19:30,Matchweek 22,Tue,Home,L,1,2,Arsenal,0.5,1.2,27,"29,387",Morgan Gibbs-White,4-2-3-1,Simon Hooper,Match Report,
2024-02-04,14:00,Matchweek 23,Sun,Away,D,1,1,Bournemouth,0.5,1.3,55,"11,200",Ryan Yates,4-2-3-1,Rebecca Welch,Match Report,
2024-02-10,17:30,Matchweek 24,Sat,Home,L,2,3,Newcastle Utd,1.5,0.5,39,"29,451",Ryan Yates,4-2-3-1,Anthony Taylor,Match Report,
2024-02-17,15:00,Matchweek 25,Sat,Home,W,2,0,West Ham,2.8,0.5,49,"29,490",Morgan Gibbs-White,4-2-3-1,Thomas Bramall,Match Report,
2024-02-24,15:00,Matchweek 26,Sat,Away,L,2,4,Aston Villa,2.6,3.6,42,"42,131",Morgan Gibbs-White,4-2-3-1,Samuel Barrott,Match Report,
2024-03-02,15:00,Matchweek 27,Sat,Home,L,0,1,Liverpool,1.0,2.0,31,"29,603",Ryan Yates,4-2-3-1,Paul Tierney,Match Report,
2024-03-10,14:00,Matchweek 28,Sun,Away,L,0,1,Brighton,0.7,0.4,37,"31,505",Ryan Yates,4-3-3,Michael Salisbury,Match Report,
2024-03-16,15:00,Matchweek 29,Sat,Away,D,1,1,Luton Town,2.0,0.6,40,"11,630",Ryan Yates,4-2-3-1,Darren England,Match Report,
2024-03-30,15:00,Matchweek 30,Sat,Home,D,1,1,Crystal Palace,0.9,1.2,59,"29,520",Ryan Yates,4-2-3-1,Chris Kavanagh,Match Report,
2024-04-02,19:30,Matchweek 31,Tue,Home,W,3,1,Fulham,1.5,1.5,34,"28,997",Ryan Yates,4-2-3-1,Michael Oliver,Match Report,
2024-04-07,18:00,Matchweek 32,Sun,Away,L,1,3,Tottenham,1.5,1.5,37,"61,098",Ryan Yates,4-2-3-1,Simon Hooper,Match Report,
2024-04-13,15:00,Matchweek 33,Sat,Home,D,2,2,Wolves,1.9,1.0,46,"29,604",Ryan Yates,4-2-3-1,Craig Pawson,Match Report,
2024-04-21,13:30,Matchweek 34,Sun,Away,L,0,2,Everton,0.9,0.3,59,"39,239",Morgan Gibbs-White,4-2-3-1,Anthony Taylor,Match Report,
2024-04-28,16:30,Matchweek 35,Sun,Home,L,0,2,Manchester City,1.9,0.9,34,"29,677",Morgan Gibbs-White,5-4-1,Simon Hooper,Match Report,
2024-05-04,15:00,Matchweek 36,Sat,Away,W,3,1,Sheffield Utd,1.5,2.2,46,"28,516",Ryan Yates,4-2-3-1,Chris Kavanagh,Match Report,
2024-05-11,17:30,Matchweek 37,Sat,Home,L,2,3,Chelsea,1.5,1.6,33,"29,708",Ryan Yates,5-4-1,Tony Harrington,Match Report,
2024-05-19,16:00,Matchweek 38,Sun,Away,W,2,1,Burnley,1.7,1.2,28,"21,109",Ryan Yates,4-2-3-1,Graham Scott,Match Report,
2023-08-12,15:00,Matchweek 1,Sat,Away,L,1,4,Brighton,1.5,4.0,30,"31,872",Tom Lockyer,3-5-2,David Coote,Match Report,
2023-08-25,20:00,Matchweek 3,Fri,Away,L,0,3,Chelsea,0.4,2.2,33,"39,893",Tom Lockyer,5-3-2,Robert Jones,Match Report,
2023-09-01,20:00,Matchweek 4,Fri,Home,L,1,2,West Ham,1.4,1.0,39,"10,802",Carlton Morris,5-3-2,Paul Tierney,Match Report,
2023-09-16,15:00,Matchweek 5,Sat,Away,L,0,1,Fulham,1.1,1.0,23,"24,467",Tom Lockyer,5-3-2,Michael Salisbury,Match Report,
2023-09-23,15:00,Matchweek 6,Sat,Home,D,1,1,Wolves,2.1,0.6,57,"10,893",Tom Lockyer,3-4-3,Joshua Smith,Match Report,
2023-09-30,15:00,Matchweek 7,Sat,Away,W,2,1,Everton,0.9,2.9,33,"39,289",Tom Lockyer,3-4-3,Anthony Taylor,Match Report,
2023-10-03,19:30,Matchweek 2,Tue,Home,L,1,2,Burnley,1.3,1.1,49,"10,918",Tom Lockyer,3-4-3,Peter Bankes,Match Report,
2023-10-07,12:30,Matchweek 8,Sat,Home,L,0,1,Tottenham,0.8,1.9,34,"10,290",Tom Lockyer,4-4-2,John Brooks,Match Report,
2023-10-21,15:00,Matchweek 9,Sat,Away,D,2,2,Nott'ham Forest,1.7,2.9,43,"29,361",Tom Lockyer,4-4-2,Samuel Barrott,Match Report,
2023-10-29,14:00,Matchweek 10,Sun,Away,L,1,3,Aston Villa,0.5,2.3,30,"41,785",Tom Lockyer,3-4-3,John Brooks,Match Report,
2023-11-05,16:30,Matchweek 11,Sun,Home,D,1,1,Liverpool,0.8,2.6,27,"11,049",Tom Lockyer,3-4-3,Andy Madley,Match Report,
2023-11-11,15:00,Matchweek 12,Sat,Away,L,0,1,Manchester Utd,0.4,2.2,36,"73,599",Tom Lockyer,3-4-3,Graham Scott,Match Report,
2023-11-25,15:00,Matchweek 13,Sat,Home,W,2,1,Crystal Palace,0.9,1.6,39,"11,029",Tom Lockyer,3-4-3,Jarred Gillett,Match Report,
2023-12-02,15:00,Matchweek 14,Sat,Away,L,1,3,Brentford,0.2,3.1,32,"17,075",Tom Lockyer,3-4-3,Anthony Taylor,Match Report,
2023-12-05,20:15,Matchweek 15,Tue,Home,L,3,4,Arsenal,0.5,2.2,34,"11,031",Pelly Ruddock Mpanzu,3-4-3,Samuel Barrott,Match Report,
2023-12-10,14:00,Matchweek 16,Sun,Home,L,1,2,Manchester City,0.3,1.6,35,"11,047",Tom Lockyer,3-4-3,Tim Robinson,Match Report,
2023-12-23,15:00,Matchweek 18,Sat,Home,W,1,0,Newcastle Utd,1.4,1.4,35,"11,042",Amari'i Bell,3-4-3,Darren England,Match Report,
2023-12-26,15:00,Matchweek 19,Tue,Away,W,3,2,Sheffield Utd,0.6,2.4,49,"31,041",Amari'i Bell,3-4-3,Samuel Allison,Match Report,
2023-12-30,12:30,Matchweek 20,Sat,Home,L,2,3,Chelsea,2.3,1.5,52,"11,041",Amari'i Bell,3-4-3,Paul Tierney,Match Report,
2024-01-12,19:45,Matchweek 21,Fri,Away,D,1,1,Burnley,0.9,1.1,61,"20,155",Amari'i Bell,3-4-3,Tony Harrington,Match Report,
2024-01-30,19:45,Matchweek 22,Tue,Home,W,4,0,Brighton,3.1,0.9,41,"10,994",Carlton Morris,3-4-3,Robert Jones,Match Report,
2024-02-03,15:00,Matchweek 23,Sat,Away,D,4,4,Newcastle Utd,2.4,2.3,45,"52,211",Carlton Morris,3-4-3,Thomas Bramall,Match Report,
2024-02-10,15:00,Matchweek 24,Sat,Home,L,1,3,Sheffield Utd,1.8,1.7,74,"11,138",Carlton Morris,3-4-3,Chris Kavanagh,Match Report,
2024-02-18,16:30,Matchweek 25,Sun,Home,L,1,2,Manchester Utd,1.8,2.9,58,"11,483",Carlton Morris,3-4-3,David Coote,Match Report,
2024-02-21,19:30,Matchweek 26,Wed,Away,L,1,4,Liverpool,0.9,3.3,40,"59,713",Carlton Morris,3-4-3,Andy Madley,Match Report,
2024-03-02,17:30,Matchweek 27,Sat,Home,L,2,3,Aston Villa,1.8,1.9,46,"11,594",Carlton Morris,3-4-3,Michael Oliver,Match Report,
2024-03-09,15:00,Matchweek 28,Sat,Away,D,1,1,Crystal Palace,0.8,2.7,51,"25,103",Carlton Morris,3-4-3,Sunny Singh,Match Report,
2024-03-13,19:30,Matchweek 17,Wed,Away,L,3,4,Bournemouth,2.0,2.3,41,"11,198",Carlton Morris,3-4-3,Samuel Allison,Match Report,
2024-03-16,15:00,Matchweek 29,Sat,Home,D,1,1,Nott'ham Forest,0.6,2.0,60,"11,630",Carlton Morris,3-4-3,Darren England,Match Report,
2024-03-30,15:00,Matchweek 30,Sat,Away,L,1,2,Tottenham,0.5,2.9,30,"61,534",Carlton Morris,4-3-3,Jarred Gillett,Match Report,
2024-04-03,19:30,Matchweek 31,Wed,Away,L,0,2,Arsenal,0.3,0.7,42,"60,262",Carlton Morris,3-4-3,Craig Pawson,Match Report,
2024-04-06,15:00,Matchweek 32,Sat,Home,W,2,1,Bournemouth,1.5,0.4,55,"11,797",Carlton Morris,3-4-3,Andy Madley,Match Report,
2024-04-13,15:00,Matchweek 33,Sat,Away,L,1,5,Manchester City,0.5,4.2,27,"52,149",Carlton Morris,3-4-3,John Brooks,Match Report,
2024-04-20,15:00,Matchweek 34,Sat,Home,L,1,5,Brentford,0.6,3.1,53,"11,877",Carlton Morris,3-4-3,Jarred Gillett,Match Report,
2024-04-27,15:00,Matchweek 35,Sat,Away,L,1,2,Wolves,0.6,1.2,42,"31,531",Carlton Morris,3-4-3,David Coote,Match Report,
2024-05-03,20:00,Matchweek 36,Fri,Home,D,1,1,Everton,0.8,1.4,51,"11,873",Carlton Morris,3-4-3,Tim Robinson,Match Report,
2024-05-11,15:00,Matchweek 37,Sat,Away,L,1,3,West Ham,0.3,3.2,42,"62,475",Carlton Morris,3-4-3,Michael Oliver,Match Report,
2024-05-19,16:00,Matchweek 38,Sun,Home,L,2,4,Fulham,2.0,1.1,41,"12,027",Carlton Morris,3-4-3,Matt Donohue,Match Report,
2023-08-11,20:00,Matchweek 1,Fri,Home,L,0,3,Manchester City,0.3,1.9,35,"21,572",Josh Cullen,5-4-1,Craig Pawson,Match Report,
2023-08-27,14:00,Matchweek 3,Sun,Home,L,1,3,Aston Villa,0.7,2.5,57,"21,591",Josh Cullen,4-4-2,Michael Salisbury,Match Report,
2023-09-02,15:00,Matchweek 4,Sat,Home,L,2,5,Tottenham,1.3,2.2,47,"21,750",Josh Cullen,4-4-2,Darren England,Match Report,
2023-09-18,19:45,Matchweek 5,Mon,Away,D,1,1,Nott'ham Forest,0.5,0.7,54,"28,958",Josh Brownhill,4-2-3-1,Robert Jones,Match Report,
2023-09-23,20:00,Matchweek 6,Sat,Home,L,0,1,Manchester Utd,1.1,1.0,61,"21,593",Josh Brownhill,4-3-3,Tony Harrington,Match Report,
2023-09-30,15:00,Matchweek 7,Sat,Away,L,0,2,Newcastle Utd,0.6,3.1,47,"51,687",Josh Brownhill,4-2-3-1,Thomas Bramall,Match Report,
2023-10-03,19:30,Matchweek 2,Tue,Away,W,2,1,Luton Town,1.1,1.3,51,"10,918",Josh Brownhill,4-3-3,Peter Bankes,Match Report,
2023-10-07,15:00,Matchweek 8,Sat,Home,L,1,4,Chelsea,0.7,1.9,38,"21,654",Josh Brownhill,4-3-3,Stuart Attwell,Match Report,
2023-10-21,15:00,Matchweek 9,Sat,Away,L,0,3,Brentford,1.1,3.1,50,"17,029",Josh Cullen,4-2-3-1,Joshua Smith,Match Report,
2023-10-28,15:00,Matchweek 10,Sat,Away,L,1,2,Bournemouth,0.8,1.1,55,"11,152",Josh Brownhill,4-3-3,Samuel Barrott,Match Report,
2023-11-04,15:00,Matchweek 11,Sat,Home,L,0,2,Crystal Palace,1.1,1.3,67,"21,578",Josh Brownhill,4-4-2,Peter Bankes,Match Report,
2023-11-11,15:00,Matchweek 12,Sat,Away,L,1,3,Arsenal,0.3,1.8,37,"60,232",Josh Brownhill,4-4-2,Michael Oliver,Match Report,
2023-11-25,15:00,Matchweek 13,Sat,Home,L,1,2,West Ham,1.3,0.9,50,"21,319",Josh Brownhill,4-4-2,Samuel Barrott,Match Report,
2023-12-02,15:00,Matchweek 14,Sat,Home,W,5,0,Sheffield Utd,1.8,0.4,63,"21,478",Josh Brownhill,4-4-2,Chris Kavanagh,Match Report,
2023-12-05,19:30,Matchweek 15,Tue,Away,L,0,1,Wolves,0.9,0.8,49,"30,439",Josh Brownhill,4-4-2,Jarred Gillett,Match Report,
2023-12-09,15:00,Matchweek 16,Sat,Away,D,1,1,Brighton,0.6,2.6,28,"31,511",Josh Brownhill,4-4-2,Simon Hooper,Match Report,
2023-12-16,17:30,Matchweek 17,Sat,Home,L,0,2,Everton,0.7,1.4,61,"21,413",Josh Brownhill,4-4-2,Anthony Taylor,Match Report,
2023-12-23,15:00,Matchweek 18,Sat,Away,W,2,0,Fulham,0.4,1.3,34,"23,598",Josh Brownhill,4-4-2,Rebecca Welch,Match Report,
2023-12-26,17:30,Matchweek 19,Tue,Home,L,0,2,Liverpool,0.8,1.8,32,"21,624",Josh Brownhill,4-4-2,Paul Tierney,Match Report,
2023-12-30,15:00,Matchweek 20,Sat,Away,L,2,3,Aston Villa,1.2,3.2,36,"41,613",Josh Brownhill,4-4-2,Stuart Attwell,Match Report,
2024-01-12,19:45,Matchweek 21,Fri,Home,D,1,1,Luton Town,1.1,0.9,39,"20,155",Josh Brownhill,4-4-2,Tony Harrington,Match Report,
2024-01-31,19:30,Matchweek 22,Wed,Away,L,1,3,Manchester City,1.4,1.7,26,"52,143",Josh Brownhill,4-4-2,Samuel Barrott,Match Report,
2024-02-03,15:00,Matchweek 23,Sat,Home,D,2,2,Fulham,1.8,1.5,44,"20,203",Josh Brownhill,4-4-2,Darren Bond,Match Report,
2024-02-10,15:00,Matchweek 24,Sat,Away,L,1,3,Liverpool,1.3,2.8,30,"59,896",Josh Brownhill,4-4-2,Tim Robinson,Match Report,
2024-02-17,15:00,Matchweek 25,Sat,Home,L,0,5,Arsenal,0.3,2.3,36,"21,311",Josh Brownhill,4-4-2,Jarred Gillett,Match Report,
2024-02-24,15:00,Matchweek 26,Sat,Away,L,0,3,Crystal Palace,0.1,2.4,44,"24,042",Josh Brownhill,4-4-2,Lewis Smith,Match Report,
2024-03-03,13:00,Matchweek 27,Sun,Home,L,0,2,Bournemouth,1.5,1.1,74,"19,713",Josh Cullen,4-4-2,David Coote,Match Report,
2024-03-10,14:00,Matchweek 28,Sun,Away,D,2,2,West Ham,0.7,2.1,48,"62,441",Josh Cullen,4-4-2,Darren England,Match Report,
2024-03-16,15:00,Matchweek 29,Sat,Home,W,2,1,Brentford,2.8,1.1,60,"20,431",Josh Cullen,4-4-2,Darren Bond,Match Report,
2024-03-30,15:00,Matchweek 30,Sat,Away,D,2,2,Chelsea,1.6,4.2,31,"39,535",Josh Cullen,4-4-2,Darren England,Match Report,
2024-04-02,19:45,Matchweek 31,Tue,Home,D,1,1,Wolves,1.3,0.9,51,"21,528",Josh Cullen,4-4-2,Thomas Bramall,Match Report,
2024-04-06,15:00,Matchweek 32,Sat,Away,L,0,1,Everton,0.5,0.9,62,"39,125",Josh Cullen,4-4-2,Michael Oliver,Match Report,
2024-04-13,15:00,Matchweek 33,Sat,Home,D,1,1,Brighton,1.7,0.9,44,"20,687",Josh Cullen,4-4-2,Simon Hooper,Match Report,
2024-04-20,15:00,Matchweek 34,Sat,Away,W,4,1,Sheffield Utd,2.2,2.4,51,"28,964",Josh Cullen,4-4-2,Andy Madley,Match Report,
2024-04-27,15:00,Matchweek 35,Sat,Away,D,1,1,Manchester Utd,2.1,2.7,52,"73,571",Josh Cullen,4-4-2,John Brooks,Match Report,
2024-05-04,15:00,Matchweek 36,Sat,Home,L,1,4,Newcastle Utd,1.0,3.4,47,"21,781",Josh Brownhill,4-2-3-1,Anthony Taylor,Match Report,
2024-05-11,15:00,Matchweek 37,Sat,Away,L,1,2,Tottenham,0.7,2.7,37,"61,148",Josh Cullen,4-4-2,Jarred Gillett,Match Report,
2024-05-19,16:00,Matchweek 38,Sun,Home,L,1,2,Nott'ham Forest,1.2,1.7,72,"21,109",Josh Cullen,4-4-2,Graham Scott,Match Report,
2023-08-12,15:00,Matchweek 1,Sat,Home,L,0,1,Crystal Palace,0.5,1.9,32,"31,194",John Egan,3-4-3,John Brooks,Match Report,
2023-08-18,19:45,Matchweek 2,Fri,Away,L,1,2,Nott'ham Forest,0.5,1.4,50,"29,432",John Egan,3-4-3,Peter Bankes,Match Report,
2023-08-27,14:00,Matchweek 3,Sun,Home,L,1,2,Manchester City,0.7,3.5,21,"31,336",John Egan,3-5-2,Jarred Gillett,Match Report,
2023-09-02,12:30,Matchweek 4,Sat,Home,D,2,2,Everton,1.2,2.5,46,"31,124",John Egan,3-5-2,Andy Madley,Match Report,
2023-09-16,15:00,Matchweek 5,Sat,Away,L,1,2,Tottenham,0.7,2.1,30,"61,706",Chris Basham,3-5-2,Peter Bankes,Match Report,
2023-09-24,16:30,Matchweek 6,Sun,Home,L,0,8,Newcastle Utd,0.9,3.9,42,"31,127",John Egan,3-4-3,Stuart Attwell,Match Report,
2023-09-30,15:00,Matchweek 7,Sat,Away,L,0,2,West Ham,1.1,2.1,48,"62,459",John Egan,3-5-2,Graham Scott,Match Report,
2023-10-07,15:00,Matchweek 8,Sat,Away,L,1,3,Fulham,0.6,2.2,40,"24,361",Chris Basham,3-5-2,Samuel Barrott,Match Report,
2023-10-21,20:00,Matchweek 9,Sat,Home,L,1,2,Manchester Utd,1.4,1.1,38,"31,543",Oliver Norwood,4-4-2,Michael Oliver,Match Report,
2023-10-28,15:00,Matchweek 10,Sat,Away,L,0,5,Arsenal,0.0,2.8,33,"60,153",Oliver Norwood,4-4-2,Tim Robinson,Match Report,
2023-11-04,15:00,Matchweek 11,Sat,Home,W,2,1,Wolves,1.0,1.2,39,"29,454",Oliver Norwood,3-4-1-2,Robert Jones,Match Report,
2023-11-12,14:00,Matchweek 12,Sun,Away,D,1,1,Brighton,1.1,1.5,39,"31,367",Oliver Norwood,3-4-3,John Brooks,Match Report,
2023-11-25,15:00,Matchweek 13,Sat,Home,L,1,3,Bournemouth,0.8,2.9,46,"30,208",Oliver Norwood,3-4-3,Andy Madley,Match Report,
2023-12-02,15:00,Matchweek 14,Sat,Away,L,0,5,Burnley,0.4,1.8,37,"21,478",Oliver Norwood,3-4-3,Chris Kavanagh,Match Report,
2023-12-06,19:30,Matchweek 15,Wed,Home,L,0,2,Liverpool,1.0,1.7,25,"31,406",Anel Ahmedhodžić,3-4-3,Simon Hooper,Match Report,
2023-12-09,15:00,Matchweek 16,Sat,Home,W,1,0,Brentford,0.8,0.6,41,"28,509",Anel Ahmedhodžić,4-1-4-1,Stuart Attwell,Match Report,
2023-12-16,15:00,Matchweek 17,Sat,Away,L,0,2,Chelsea,0.4,3.1,22,"39,599",Anel Ahmedhodžić,4-1-4-1,Andy Madley,Match Report,
2023-12-22,20:00,Matchweek 18,Fri,Away,D,1,1,Aston Villa,0.6,0.9,23,"41,651",Jack Robinson,3-4-3,Anthony Taylor,Match Report,
2023-12-26,15:00,Matchweek 19,Tue,Home,L,2,3,Luton Town,2.4,0.6,51,"31,041",Anel Ahmedhodžić,4-4-2,Samuel Allison,Match Report,
2023-12-30,15:00,Matchweek 20,Sat,Away,L,0,2,Manchester City,0.3,2.2,20,"53,108",Jack Robinson,3-4-3,David Coote,Match Report,
2024-01-21,14:00,Matchweek 21,Sun,Home,D,2,2,West Ham,2.5,2.3,57,"29,164",Anel Ahmedhodžić,4-1-4-1,Michael Salisbury,Match Report,
2024-01-30,20:00,Matchweek 22,Tue,Away,L,2,3,Crystal Palace,0.8,1.1,47,"24,781",Anel Ahmedhodžić,4-1-4-1,Tony Harrington,Match Report,
2024-02-03,17:30,Matchweek 23,Sat,Home,L,0,5,Aston Villa,1.4,2.2,37,"30,187",Anel Ahmedhodžić,5-4-1,Paul Tierney,Match Report,
2024-02-10,15:00,Matchweek 24,Sat,Away,W,3,1,Luton Town,1.7,1.8,26,"11,138",Anel Ahmedhodžić,5-4-1,Chris Kavanagh,Match Report,
2024-02-18,14:00,Matchweek 25,Sun,Home,L,0,5,Brighton,0.6,2.9,21,"29,522",Anel Ahmedhodžić,3-5-1-1,Stuart Attwell,Match Report,
2024-02-25,13:30,Matchweek 26,Sun,Away,L,0,1,Wolves,0.6,1.3,37,"30,789",Anel Ahmedhodžić,3-5-2,Darren Bond,Match Report,
2024-03-04,20:00,Matchweek 27,Mon,Home,L,0,6,Arsenal,0.2,2.3,20,"29,157",Anel Ahmedhodžić,4-5-1,Samuel Barrott,Match Report,
2024-03-09,15:00,Matchweek 28,Sat,Away,D,2,2,Bournemouth,1.2,3.3,31,"11,074",Jack Robinson,3-5-2,Anthony Taylor,Match Report,
2024-03-30,15:00,Matchweek 30,Sat,Home,D,3,3,Fulham,1.9,1.3,27,"30,010",Jack Robinson,3-5-2,Tim Robinson,Match Report,
2024-04-04,19:30,Matchweek 31,Thu,Away,L,1,3,Liverpool,0.6,1.8,18,"60,055",Jack Robinson,3-5-2,Stuart Attwell,Match Report,
2024-04-07,17:30,Matchweek 32,Sun,Home,D,2,2,Chelsea,1.4,0.3,32,"28,638",Jack Robinson,3-5-2,Robert Jones,Match Report,
2024-04-13,15:00,Matchweek 33,Sat,Away,L,0,2,Brentford,0.8,1.0,47,"17,115",Oliver McBurnie,3-5-2,Samuel Barrott,Match Report,
2024-04-20,15:00,Matchweek 34,Sat,Home,L,1,4,Burnley,2.4,2.2,49,"28,964",Oliver McBurnie,4-2-3-1,Andy Madley,Match Report,
2024-04-24,20:00,Matchweek 29,Wed,Away,L,2,4,Manchester Utd,0.8,2.9,29,"73,549",Oliver Arblaster,3-5-2,Michael Salisbury,Match Report,
2024-04-27,15:00,Matchweek 35,Sat,Away,L,1,5,Newcastle Utd,1.5,3.1,40,"52,196",Oliver Arblaster,3-5-2,Tony Harrington,Match Report,
2024-05-04,15:00,Matchweek 36,Sat,Home,L,1,3,Nott'ham Forest,2.2,1.5,54,"28,516",Jack Robinson,3-5-2,Chris Kavanagh,Match Report,
2024-05-11,15:00,Matchweek 37,Sat,Away,L,0,1,Everton,0.6,2.3,42,"39,221",Jack Robinson,3-5-2,Stuart Attwell,Match Report,
2024-05-19,16:00,Matchweek 38,Sun,Home,L,0,3,Tottenham,1.0,3.1,25,"29,116",Jack Robinson,5-3-2,Andy Madley,Match Report,
